Perth Mint Physical Gold ETF,15.575
Advisorshares Dorsey Wright ADR,55.6664
Altisource Asset,12.97
Almaden Minerals,0.464
Absolute Core Strategy ETF,25.07
Alps Clean Energy ETF,38.5
Aptus Collared Income Opportunity ETF,25.33
Xtrackers MSCI ACWI Ex USA ESG Leaders Equity Et,28.155
American Customer Satisfaction Core Alpha ETF,36.8
Acme United Corp,23.2605
Global Multifactor Ishares Edge MSCI ETF,31.531
Global Min Vol Ishares Edge MSCI ETF,98.7
Aerocentury Corp,4.42
ETF Series Solutions,31.28
Adams Resources & Energy,35.16
Aberdeen EM Equity Income Fund Inc,7.64
Anfield U.S. Equity Sector Rotation ETF,10.36
Anfield Universal Fixed Income ETF,9.73
Africa Index ETF Vaneck,19.7351
FT Active Factor Large Cap ETF,21.0859
FT Active Factor Mid Cap ETF,20.591
FT Active Factor Small Cap ETF,20.3672
CSOP FTSE China A50 ETF,16.04
Agex Therapeutics Inc,1.3
US Aggregate Bond Ishares Core ETF,113.77
IQ Enhanced Core Plus Bond U.S.,19.8968
Wisdomtree Yield Enhanced U.S. Agg Bond Fund,52.99
Ultra Silver Proshares,30.83
Argentina Ishares MSCI ETF,22.28
Agency Bond Ishares ETF,116.68
Ai Powered Equity ETF,29.583
Ai Powered International Equity ETF,27.21
Aim Immunotech Inc,0.94
Ashford Inc,25
Air Industries Group Inc,1.51
Asanko Gold Inc,0.9072
Alphaclone Alternative Alpha ETF,60.96
Alio Gold Corp,0.7135
Mstar Alternative Solutions Proshares,38.0673
Ambow Education Holding Ltd,2.0586
Alerian MLP Index ETN JP Morgan,20.655
X-Links Mthy Pay 2X Leveraged Alerian MLP,9.3
Alps Alerian MLP ETF,8.06
Qraft Ai-Enhanced U.S. Large Cap Momentum ETF,27.2987
Ampio Pharmaceuticals,0.7
American Shared Hospital Services,2.4718
Etracs Alerian MLP Index ETN,13.01
Etracs Alerian MLP Index ETN Series B,13.035
Infracap MLP ETF,4.08
Annovis Bio Inc,6.05
Aggressive Allocation Ishares Core ETF,58.83
Aberdeen Standard Bloomberg WTI Crude Oil Strate,22.0158
Conservative Allocation Ishares Core ETF,36.7
Moderate Allocation Ishares Core ETF,40.6826
Growth Allocation Ishares Core ETF,48.52
Alpha Pro Tech,5.12
Arrow Reserve Capital Management ETF,100.09
G-X FTSE Argentina 20 ETF,25.98
Ark Fintech Innovation ETF,26.035
Ark Genomic Revolution Multi-Sector ETF,34.58
Ark Innovation ETF,55.23
Ark Industrial Innovation ETF,40.9432
Ark Web X.0 ETF,66.05
Armata Pharmaceuticals Inc,3.61
G-X FTSE Asean 40 ETF,15.17
Db-Xt Harvest CSI 300 China A,27.48
Db-Xt Harvest CSI 500 China A,26.89
Db-Xt CSI 300 China A Hgd Eq,19.95
Avino Silver & Gold,0.5151
Barclays Plus Select MLP ETN,16.66
Actinium Pharmaceuticals Inc,0.235
Auryn Resources Inc,1.3166
Golden Minerals Company,0.251
Global X Adaptive US Factor ETF,26.78
Avantis International Equity ETF,53.78
Avantis International Small Cap Value ETF,53.55
Avantis Emerging Markets Equity ETF,53.5128
Avantis U.S. Equity ETF,55.72
Avantis U.S. Small Cap Value ETF,51.5023
Aware Ultra-Short Duration Enhanced Income ETF,50.51
Avalon Holdings Corp,1.88
Wisdomtree Asia Pacific Ex-Japan Total Div Fund,67.9522
Alexco Resource Corp,1.73
Taxable Municipal Bond Invesco ETF,32.48
Ipatha.B Cotton Subindex TR ETN,40.33
Innovator S&P 500 Buffer ETF,28.535
Graniteshares Gold Trust Shares of Beneficial IN,15.55
Advanced Battery Metals and Materials Amplify Et,10.8515
Innovator S&P 500 Buffer ETF August,27.04
Jpmorgan Betabuilders Developed Asia-Ex Japan Et,25.83
Bioshares Biotech Clinical Trial,37.51
Jpmorgan Betabuilders Canada ETF,26.3515
Jpmorgan Betabuilders Europe ETF,25.5216
Jpmorgan Betabuilders International Equity ETF,52.0264
Jpmorgan Betabuilders Japan ETF,24.7601
Bioshares Biotech Products,44.5
Jpmorgan Betabuilders MSCI U.S. REIT ETF,91.11
Jpmorgan Betabuilders 1-5 Year U.S. Aggregate Bo,25.57
Jpmorgan Betabuilders U.S. Equity ETF,60.1231
All Commodity Longer Dated Strategy ETF,22.85
All Commodity Strategy K-1 Free ETF,20.91
Ipath Pure Beta Broad Commodity ETN,27.15
Bancroft Convertible Fund,26.34
Bancroft Fund Ltd,25.98
Wells Fargo 2X Bus Dv Cm ETN UBS E-Tracs,14.98
Wells Fargo Bus Dev Comp ETN,20.32
Etracs Monthly 2X Diversified Bus Dev ETN,26.609
Etracs Bus Dev ETN Series B,20.35
Innovator S&P 500 Buffer ETF December,27.5566
Flanigan's Enterprises,20.8081
Blonder Tongue Laboratories,0.78
Breakwave Dry Bulk Shipping ETF,9.25
Innovator S&P 500 Buffer ETF Feb,25.074
Barron's 400,42.82
Birks Group Inc,0.93
Bar Harbor Bankshares,22.86
Inspire 100 ETF,31.55
1-3 Month T-Bill Barclays Capital SPDR,91.46
Bioceres Crop Solutions Corp WT,0.1001
Bioceres Crop Solutions Corp,5.0601
Interm Term Bond ETF Vanguard,88.514
Bdc Income Vaneck ETF,17.0001
Innovator S&P 500 Buffer ETF January,29.79
Innovator S&P 500 Buffer ETF - Jul,28.14
Innovator ETFS Trust,28.7051
BRIC Ishares MSCI ETF,44.8574
Senior Loan Invesco ETF,22.6
Bk Technologies Inc,2.71
Inspire Global Hope Large Cap ETF,30.225
Virtus Dynamic Credit ETF,24.11
Transformational Data Sharing Amplify ETF,19.4
Long Term Bond Index ETF Vanguard,103.9
Flexshares Core Select Bond Fund,25.86
Microsectors -3X U.S. Big Banks Etns,24.2753
Microsectors 2X U.S. Big Banks Etns,68.1339
Microsectors 3X U.S. Big Banks Etns,75.2075
Microsectors -2X U.S. Big Banks Etns,31.8695
US Brent Oil,17.43
Innovator S&P 500 Buffer ETF November,27.205
Innovator S&P 500 Buffer ETF,26.74
Ultra DJ-UBS Natural Gas Proshares,6.0579
Total Return ETF Pimco,109.09
G-X Founder-Run Companies ETF,21.63
Innovator Ibd Breakout Opportunities ETF,21.98
Biopharmx Corp,0.403
Blue Ridge Bankshare,21.16
Brazil Smallcap ETF Vaneck,26.46
Bluerock Residential Growth Rei,11.8
Bluerock Residential Growth Rei,26.17
Bluerock Residential Growth REIT Inc,26.26
Bluerock Residential Growth REIT Inc,26.0801
Broadmark Realty Capital Inc [Brmk/W],0.44
Barnwell Industries,0.89
Direxion Brazil Bull 3X,30.19
Innovator S&P 500 Buffer ETF - Sep,26.405
Short-Term Bond ETF Vanguard,80.94
US Anti-Beta Fund Mkt Neutral Quantshares,22.52
B2Gold Corp,4.16
Ballantyne Strong Inc,3.35
Pacer US Cash Cows Growth ETF,26.4594
Uscf Summerhaven Shpei Index Fund,19.6433
Uscf Summerhaven Shpen Index Fund,13.1694
Brand Value ETF,18.28
Bowl Amer Inc Cl A,15.11
Intl Treasury Bond ETF SPDR,28.515
Short-Term Intl Treasury Bond ETF SPDR,30.2516
Yield Optimized Bond Ishares ETF,25.9
Ultrashort MSCI Brazil Proshares,19.54
Pacer US Small Cap Cash Cows 100 ETF,26.3549
Teucrium Sugar,7.31
Can-Fite Biopharma Ltd,1.91
Barclays Schiller Cape ETN,154.14
CBOE Global Markets Inc,122.75
Chinaamc China Vaneck ETF,22.27
Churchill Capital Corp WT,9.21
Chase Corp,95
Cambria Core Equity ETF,27.8116
Condor Hospitality T,10.83
Sprott Physical Gold & Silver Trust,15.075
Etracs 2X Closed-End Fund ETN,14.5
Exchange Listed Funds Trust ETF,20.93
Etracs 2X Closed-End Fund ETN Series B,14.525
Camber Energy Inc,1.67
Emrg Mkts Corp Bond Ishares JPM ETF,52.3743
Central Securities Corp,33.21
Eaton Vance California Muni Income Trust,13.63
Wisdomtree Emerging Currency Strategy Fund,18.29
S&P Global Water Index Invesco ETF,42.6
Direxion CSI 300 China A 1X,29
Direxion CSI 300 China A 2X,20.71
US Value Fund Mkt Neutral ETF Quantshares,19.61
Diversified Impact U.S. Large Cap Fossil Fuel F,24.23
G-X MSCI China Communication Services ETF,25.6001
G-X China Energy ETF,9.65
G-X MSCI China Health Care ETF,19
G-X China Industrials ETF,12.62
G-X MSCI China Information Technology ETF,21.56
G-X MSCI China Large-Cap 50 ETF,28.979
G-X China Materials ETF,15.33
G-X China Consumer ETF,18.32
G-X MSCI China Real Estate ETF,17.43
G-X MSCI China Consumer Staples ETF,20.8503
G-X MSCI China Utilities ETF,14.72
G-X China Financials ETF,15
Credit Suisse Asset Management,3.33
Compx International Inc,16.14
Ckx Lands,9.33
Proshares Long Online/Short Stores ETF,53.21
Cornerstone Strategic Value Fund,11.54
Treasury Collateral Invesco ETF,105.585
CMBS Ishares ETF,53.51
Caledonia Mining Cp,10.15
Bberg Roll Select cmdty Strategy Ishares ETF,42.115
California Muni Bond Ishares ETF,61.96
Core Molding Technologies Inc,3.1055
Xtrackers MSCI All China Equity ETF,33.753
Amplify Seymour Cannabis ETF,12.6
SPDR Kensho Clean Power ETF,49
Chinaamc Sme-Chn Vaneck ETF,30.5401
RMB/USD ETN Vaneck,43.5179
China A Ishares MSCI ETF,28.78
Cohen & Co. Inc,3.7513
Direxion Auspice Broad Commodity Strategy ETF,22.59
Commodity Broad Strategy No K-1 ETF,22.3566
G-X Copper Miners ETF,18.4199
Teucrium Corn,14.29
Invest Grade Corp Bd Index ETF Pimco,111.5205
Ipatha.B Livestock Subindex TR ETN,40.88
Pacer US Cash Cows 100 ETF,30.75
US Copper,16.252
China Pharma Holdings,0.5115
IQ Real Return ETF,27.93
Cheniere Energy Partners LP,37
China Technology Invesco ETF,55.2301
Oil Refiners Vaneck ETF,26.12
ACWI Low Carbon Target Ishares MSCI ETF,132.36
Cornerstone Strategic Return Fund,11.241
CRH Medical Corp,4.3
Cormedix Inc,6.48
Ultrashort Australian Proshares,59.899
IQ Global Agribusiness Smallcap ETF,31.73
S&P Spin-Off Invesco ETF,49.5501
Largecap Core Proshares Lus,79.4233
Cynergis Tek Inc,3.52
Consolidated-Tomoka Land Company,61.92
Continental Materials Corp,7
Healthcare Bull 3X Direxion ETF,76.2
MSCI Global Timber Invesco ETF,27.99
Cel-Sci Corp,13.7
Chicago Rivet & Machine Company,25.78
CPI Aerostructures,6.6
Zacks Multi-Asset Income Invesco ETF,22.72
Convertible Secs Barclays Capital SPDR,58.16
Direxion CSI China Internet Idx Bull 2X,30.43
ACWI [Ex-Us] MSCI ETF SPDR,25.705
Advisorshares Focused Equity ETF,38.23
Wisdomtree Chinese Yuan Strategy Fund,24.9293
Zacks Mid-Cap Invesco ETF,78.69
Anfield Capital Diversified Alternatives ETF,10.61
Citigroup Global Markets Holdings Inc,36.71
FT CBOE Vest U.S. Equity Deep Buffer ETF August,30.9999
DB Agriculture Fund Invesco,15.6402
Db-Xt MSCI All World Ex-US Hgd Eq,29.68
DB Base Metals Fund Invesco,14.219
DB Commodity Index Fund Invesco,14.48
DB Energy Fund Invesco,12.49
Db-Xt MSCI EAFE Hgd Eq,34.42
Im Dbi Hedge Strategy ETF,25.64
Db-Xt MSCI EM Mkts Hgd Eq,23.5
Db-Xt MSCI Europe Hgd Eq,31.6669
Db-Xt MSCI Eurozone Hdg Eq,34.11
Db-Xt MSCI Germany Hgd Eq,29.37
Db-Xt MSCI Japan Hgd Eq,43.58
Advisorshares Doubleline Value Equity ETF,75.9076
Im Dbi Managed Futures Strategy ETF,26.005
DB Oil Fund Invesco,8.8588
DB Precious Metals Fund Invesco,42.41
DB Silver Fund Invesco,25.45
DB G10 Currency Harvest Fund Invesco,24.08
Citigroup Global Markets Holdings Inc,27.6
Oil & Gas Short Proshares,26.807
Wisdomtree Dynamic Cur-Hgd Intl Smallcap Equity,32.16
Ultra Dow 30 Proshares,58.29
Wisdomtree Dynamic Cur-Hgd Intl Equity Fund,30.4
Db-Xt FTSE Dvlpd Ex US Comp Factor ETF,28.7114
Defensive Equity Invesco ETF,57.75
EAFE Adaptive Curr Hedged MSCI Ishares ETF,29.49
Wisdomtree EM High Div Fund,43.4503
Wisdomtree U.S. Smallcap Div Fund,27.66
Citigroup Global Markets Holdings Inc,37.855
Db-Xt Russell 1000 Comp Factor ETF,37.0256
Wisdomtree Global High Div Fund,47.665
Wisdomtree Europe Smallcap Div Fund,63.39
Direxion Daily Aerospace Defense Bull 3X Shares,66.85
Wisdomtree Japan Smallcap Fund,71.9501
Reality Divcon Dividend Defender ETF,32.65
Ipath US Treasury 5 Year Bull ETN,73.773
Ipath US Treasury 5 Yr Bear ETN,24.9332
Natural Gas -3X Inverse ETN Velocityshares,251.4553
Citigroup Global Markets Holdings Inc,27.73
DB Gold Fund Invesco,46.49
DB Gold 2X ETN Powershares,32.157
Dividend Growth Ishares Core ETF,42.81
Wisdomtree Emerging Market Smallcap Fund,45.42
Global Dow ETF SPDR,90.2289
DB Gold -1X ETN Powershares,12.0368
Wisdomtree Dynamic Cur-Hgd Intl Quality Div Grow,26.8878
Wisdomtree U.S. High Div Fund,76.6902
Credit Suisse High Yield Bond Fund,2.48
Dow Industrials SPDR,292.45
Columbia Diversified Fixed Income Allocation ETF,20.99
Defiance Next Gen Food & Agriculture ETF,26.336
Ultra Oil & Gas Proshares,20.62
Wisdomtree Intl Midcap Div Fund,64.7297
Amcon Distributing Company,76.01
G-X Super Dividend ETF,23.3
Quantshares Hedged Dividend Income ETF,24.1427
US Dividend and Buyback Ishares ETF,31.21
Citigroup Inc C-Tracks ETN,36.165
Yieldshares Cwp Dividend & Option Income Amplify,30.7408
Reality Shares Divs ETF,26.17
Etracs Commodity Index TR ETN,14.049
DJ-UBS Commodity Idx TR ETN UBS E-Tracs,13.997
Dow Jones Indu Dividend Invesco ETF,39.3
Ipath Commodity Index TR ETN,20.8
Citigroup Global Markets Holdings Inc,25.22
Delta Apparel,26.38
Velocityshares Short Libor,26.03
Ipath US Treasury Long Bond Bear ETN,7.8559
Wisdomtree U.S. Largecap Div Fund,107.2342
Wisdomtree Intl Smallcap Fund,68.9731
Aam S&P Dev Markets High Divd Value ETF,25.33
Dreyfus Muni Income,9.38
Deltashares S&P EM 100 & Managed Risk ETF,51.2004
Deltashares S&P Intl Managed Risk ETF,51.91
Deltashares S&P 500 Managed Risk ETF,63.543
Deltashares S&P 400 Managed Risk ETF,53.8634
Deltashares S&P 600 Managed Risk ETF,55.3239
Wisdomtree Global Ex-US Quality Div Growth Fund,66.68
Denison Mines Corp,0.3558
FT CBOE Vest U.S. Equity Deep Buffer ETF Novembe,31.41
Dow 30 Short Proshares,47.79
Arrow Dogs of The World ETF,46.44
Wisdomtree Intl Largecap Div Fund,48.4749
Wisdomtree U.S. Midcap Div Fund,38.155
Wisdomtree Intl Div Top 100 Fund,42.15
Dev Mkts Bear 3X Direxion ETF,9.7
Direxion Regional Banks Bull 3X,46.5
DPW Holdings Inc,1.36
Direxion S&P Oil & Gas Expl Bear 3X,87.55
Real Estate Bull 3X Direxion,31.64
Euro -2X ETN Vaneck,63.2417
Aptus Defined Risk ETF,28.3001
Real Estate Bear 3X Direxion,23.5941
Wisdomtree Global Ex-US Real Estate Index,30.42
KLD 400 Social Ishares MSCI ETF,125.26
Document Security Systems,0.255
Distillate U.S. Fundamental Stability & Value Et,31.55
Wisdomtree U.S. Total Div Fund,106.6808
Alps Disruptive Technologies ETF,34.011
Wisdomtree Intl High Div Fund,41.12
Wisdomtree U.S. Div Ex-Financials Fund,91.9339
DB Crude Oil -2X ETN Powershares,60.3
Ipath US Treasury 2 Yr Bull ETN,64.4295
Ipath US Treasury 2 Yr Bear ETN,32.9555
Ipath US Treasury 10 Yr Bull ETN,87.3222
Ipath US Treasury 10 Yr Bear ETN,10.0187
Ultrashort Oil & Gas Proshares,45.2257
Vaneck Vectors Morningstar Durable Dividend ETF,29.9301
Direxion Daily Industrials Bull 3X Shares,39.635
Gold Miners Bear 3X Direxion ETF,5.93
Wisdomtree EM Div Fund,31.5267
Etracs 2X Diversified High Income ETN,17.4325
Source Dividend Opportunity ETF,24.1576
Deep Value ETF,32.4
Asia/Pacific Dividend Ishares ETF,43.11
Emrg Mkts Dividend Ishares ETF,39.44
Etracs 2X Select Dividend ETN,75.8693
Wisdomtree Intl Equity Fund,52.8354
Wisdomtree Intl Multifactor Fund,26.3801
Velocity 3X Inverse Crude Oil,5.6824
S&P Dividend Intl SPDR,40.42
Ultrashort Dow 30 Proshares,21.1
Dunxin Financial Holdings Ltd,1.15
Wisdomtree Japan Hedged Equity Fund,54.26
Daxor Corp,9.0745
Wisdomtree Dynamic Long/Short U.S. Equity Fund,28.31
Blackrock U.S. Equity Factor Rotation ETF,29.2302
Dev Mkts Bull 3X Direxion ETF,73.325
DB Gold -2X ETN Powershares,4.29
Wells Fargo Advantage,8.52
Ishares ESG U.S. Aggregate Bond ETF,54.26
Xtrackers MSCI EAFE ESG Leaders Equity ETF,27.05
Easi Tactical Growth Amplify ETF,27.2416
EM Local Bond ETF Barclays Capital SPDR,27.61
Ellsworth Convertible Growth and Income,11.71
Ellsworth Fund Ltd,25.86
Chile Ishares MSCI ETF,31.97
First Trust Eip Carbon Impact ETF,22.1148
China Small-Cap Ishares MSCI ETF,39.514
Emrg Mkts Consumer Egshares,23.69
Emrg Mkts Bull 3X Direxion,82.62
Denmark Ishares MSCI ETF,71.742
S&P Emrg Mkts Dividend SPDR,30.71
Alps Emerging Sector Dividend,21.46
First Trust Dow 30 Equal Weight ETF,26.4909
Extended Dur Trs Idx ETF Vanguard,138.67
Emrg Mkts Bear 3X Direxion,33.87
BRIC Invesco ETF,38.86
Spectrum Lg Cap U.S. Sector ETN Elements,24.655
S&P Emerging Markets Low Vol Invesco ETF,22.9
Emerging Markets Ishares MSCI ETF,43.96
Aam S&P Emerging Markets High Dividend Value ETF,21.4948
S&P Emerging Markets Momentum Invesco ETF,17.07
Emrg Mkts Small-Cap Ishares MSCI ETF,44.1
Emrg Mkts Min Vol Ishares Edge MSCI ETF,56.79
EM Fossil Fuel Reserves MSCI ETF SPDR,64.71
Wisdomtree U.S. Smallcap Fund,36.74
Ultra MSCI Emrg Mkts Proshares,76.6998
Ultrashort MSCI Emrg Mkts Proshares,35.67
EAFE Ishares MSCI ETF,69.495
EAFE Dividend Growth Proshares,40.8409
EAFE Min Vol Ishares Edge MSCI ETF,75.535
EAFE Fossil Fuel Reserves Free MSCI ETF SPDR,72.81
EAFE Growth Ishares MSCI ETF,87.95
Finland Ishares MSCI ETF,39.12
Ultra MSCI EAFE Proshares,42.7555
Ultrashort MSCI EAFE Proshares,19.92
EAFE Value Ishares MSCI ETF,49.08
EAFE MSCI Short Proshares,24.16
Egypt Index ETF Vaneck,29.19
Indonesia Ishares MSCI ETF,24.88
Eaton Vance Muni Bond Fund,13.17
Vaneck Vectors Energy Income ETF,17.77
Ireland Ishares MSCI ETF,44.82
Israel Ishares MSCI ETF,60.55
Innovator MSCI EM Power Buffer ETF - Jan,26.69
Innovator MSCI Emerging Markets Power Buffer ETF,25.8379
Innovation Shares Nextgen Vehicles & Technology,23.56
Envela Corp.,2.25
Wisdomtree EM Local Debt Fund,35.45
Ellomay Capital Ltd,20.81
Electromed Inc,10.35
EM Aggregate Bond Vaneck ETF,21.6827
Emagin Corp,0.4888
Int Rate Hedged Emrg Mkts Bond Ishares ETF,24.8
Emerging Markets Proshares,58.34
G-X Next Emerging & Frontier ETF,19.77
Emrg Mkts Edge Multifactor Ishares MSCI ETF,44.0933
Emrg Mkts High Yield Bond Ishares ETF,47.83
Db-Xt EM Bond Int Rate Hdged ETF,23.71
Emrg Mkts Local Curr Bond ETF Vaneck,33.53
North American Energy Infr Fund FT,25.81
Wisdomtree EM Multifactor Fund,22.22
Pimco Enhanced Short Maturity Active ESG ETF,100.2735
Emrg Mkts Internet and Ecommerce Etc,37.09
Xtrackers MSCI Emerging Markets ESG Leaders Equi,27.0461
Short-Term USD EM Bond Proshares,75.225
EM Fixed Income ETF SPDR,51.83
Proshares Decline of The Retail Store ETF,35.1
Emx Royalty Group,1.95
Alerian Energy Infrastructure E,20.2329
Norway Ishares MSCI ETF,23.91
Enservco Corpporation,0.135
Entrepreneur 30 Fund,20.09
Eaton Vance New York Muni Bond Fund,12.41
Philippines Ishares MSCI ETF,32.63
Wisdomtree India Earnings Fund,24.84
Evolution Petroleum Corp,5.1764
Poland Ishares MSCI ETF,20.43
Pacific Ex Japan Ishares MSCI ETF,46.125
Elkhorn S&P High Quality Preferred,24.53
Wisdomtree U.S. Largecap Fund,37.4831
Peru All Ishares MSCI ETF,34.66
Ultrashort FTSE Europe Proshares,25.8
Russell 1000 EW Invesco ETF,34.17
Alps Equal Sector Weight ETF,81.742
Russell Top 200 EW Invesco ETF,63.0817
Equinox Gold Corp,8.14
Wells Fargo Advantage Multi-Sector,13.08
Wells Fargo Advantage Utilities and High,15.15
Equitycompass Risk Manager ETF,22.2
Ershares Non-US Small Cap ETF,16.9639
Russia Ishares MSCI ETF,41.99
Energy Bull 3X Direxion,12.6549
Energy Bear 3X Direxion,49.52
Empire State Realty Op LP,13.71
Flexshares US ESG Impact Index,79.84
Global ESG Revenue ETF Oppenheimer,31.11
Flexshares Global ESG Impact Index,111.4525
ESG Revenue ETF Oppenheimer,34.9508
Columbia Sustainable International,25.6
Columbia Sustainable U.S. Equity,30.5844
ESG U.S. Stock Vanguard ETF,58.8494
Columbia Sustainable Global Equ,28.0644
USA Small-Cap ESG Optimized Ishares MSCI ETF,29.0441
Espey Mfg. & Electronics,20.75
Etho Climate Leadership U.S. ETF,44.12
Wisdomtree Europe Quality Div Growth Fund,28.1091
Europe Dividend Proshares,45.24
Direxion European Financials Bull 2X,30.911
Euro Short Proshares,46.1491
Emrg Mkts MSCI Short Proshares,17.19
Wisdomtree Europe Multifactor Fund,30.8357
Europe Min Vol Ishares Edge MSCI ETF,27.57
Ultrashort Euro Proshares,27.985
Direxion FTSE Europe Bull 3X,33.31
Db-Xt MSCI Southern Europe Hedged Eqty ETF,23.5059
USA Equal Weighted Ishares MSCI ETF,65.2735
Wisdomtree Europe Hedged Smallcap Equity Fund,33.185
Evans Bancorp,38.18
Evi Industries Inc.,27.235
Velocityshares 1X Long Vstoxx Futures ETN,3.1501
Eaton Vance California Muni Bond Fund,11.66
Eaton Vance Ltd Duration,13.36
Environmental Svcs ETF Vaneck,109.5408
Eaton Vance New York Muni Income Trust,13.63
Australia Ishares MSCI ETF,22.85
Canada Ishares MSCI ETF,30.19
Invesco S&P 500 Equal Weight Communication Servi,26.771
Sweden Ishares MSCI ETF,33.28
MSCI Emrg Markets Equal Country Weight Invesco E,31.4144
Germany Ishares MSCI ETF,29.495
Germany Small-Cap Ishares MSCI ETF,60.05
Hong Kong Ishares MSCI ETF,23.77
Italy Ishares MSCI ETF,29.995
Japan Ishares MSCI ETF,59.85
Belgium Ishares MSCI ETF,20.06
Switzerland Ishares MSCI ETF,41.715
Malaysia Ishares MSCI ETF,27.18
S&P Midcap 400 EW Invesco ETF,67.13
Netherlands Ishares MSCI ETF,34.16
Austria Ishares MSCI ETF,20.15
Spain Ishares MSCI ETF,28.94
France Ishares MSCI ETF,32.32
S&P 500 EW Real Estate Invesco ETF,32.15
Singapore Ishares MSCI ETF,23.18
S&P Smallcap 600 EW Invesco ETF,53.47
Taiwan Ishares MSCI ETF,39.945
United Kingdom Ishares MSCI ETF,33
United Kingdom Small-Cap Ishares MSCI ETF,42.73
Ultrashort MSCI Japan Proshares,23.21
Mexico Ishares MSCI ETF,46.51
S&P Emrg Mkts Smallcap SPDR,44.785
South Korea Ishares MSCI ETF,61.64
Brazil Ishares MSCI ETF,44.01
Global Industrials Ishares ETF,99.38
Velocityshares 1X Daily Inverse Vstoxx Futures E,46.3673
Wisdomtree U.S. Total Market Fund,37.4845
Cambria Emerging Shareholder Yield ETF,31.2999
South Africa Ishares MSCI ETF,46.27
Ultra MSCI Japan Proshares,38.8192
Wisdomtree U.S. Midcap Fund,41.84
Eurozone Ishares MSCI ETF,41.875
Global Wind Energy First Trust,15.2
Financial Bull 3X Direxion,101.65
FT CBOE Vest U.S. Equity Buffer ETF August,31.4433
Australia Alphadex First Trust,31.515
Aberdeen Asia-Pacific,4.31
Financial Bear 3X Direxion,25.07
FI Enhanced Large Cap Growth ETN,373.35
Fidelity Total Bond ETF,52.2525
Biotechnology Index NYSE ETF,150.73
Natural Gas ETF FT,9.69
Aberdeen Global,8.35
Fidelity Telecommunication MSCI ETF,36.9397
Fidelity Corporate Bond ETF,54.03
Fidelity Stocks For Inflation ETF,26.408
First Trust Lunt U.S. Factor Rotation ETF,22.7532
Stoxx Euro Select Div First Trust,14.1235
Fidelity Targeted Emerging Markets Factor ETF,25.32
Fidelity Targeted International Factor ETF,27.18
Fidelity High Yield Factor ETF,53.44
Fidelity Consumer Disc MSCI ETF,50.3301
Mstar Dividend Leaders,31.66
Fidelity Low Volatility Factor ETF,40.245
DJ Select Microcap First Trust,49.2
Fidelity Momentum Factor ETF,38.647
DJ Internet Index First Trust,148.85
Fidelity Dividend ETF For Rising Rates,36.0016
Fidelity Core Dividend ETF,33.078
Energy Income and Growth Fund,21.345
Fidelity Energy MSCI ETF,14.3548
Credit Suisse FI Enhanced Europe 50 Etns,105.5423
Euro Stoxx 50 ETF SPDR,40.52
Barclays ETN FI Enhanced Europe 50 Exchange Tra,108.76
Formula Folios Hedged Growth ETF,28.8201
Fieldstone Uva Unconstrained Medium-Term Fixed,25.845
FTSE En Dev Mkts Rel Est First Trust,49.3
Formulafolios Smart Growth ETF,28.59
Formulafolios Tactical Growth ETF,27.96
Formula Folios Income ETF,25.27
Innovator Ibd 50 Fund ETF,36.3074
DJ Global Select Dividend First Trust,24.78
Fidelity Health Care MSCI ETF,50.572
US Fixed Income Balanced Risk Ishares Edge ETF,102.2301
Fidelity International High Dividend ETF,21.39
Fidelity Industrials MSCI ETF,43.16
FI Enhanced 2X Europe 50 ETN,185.82
FI Enhanced Global High Yield ETN,204.18
Global Energy Producers Ishares MSCI ETF,17.35
Ultrapro Financials Proshares,114.2179
Ultrapro Short Financials Proshares,3.98
Empire State Realty Op LP Se,13.68
SPDR SSGA Fixed Income Sector Rotation ETF,31.328
SPDR Kensho Future Security ETF,41.59
Fidelity International Value Factor ETF,22.8
Defiance Next Gen Connectivity ETF,26.2188
Water ETF FT,62.56
Barclays Plc,122.0799
Pacific Global Focused High Yield ETF,25.2661
Weatherstorm Forensic Accounting,38.9109
Ipath US Treasury Flattener ETN,70.9159
Australia Franklin FTSE ETF,26.28
Franklin Asia Ex Japan ETF,22.2946
Franklin Liberty Senior Loan ETF,25
Brazil Franklin FTSE ETF,27.24
Canada Franklin FTSE ETF,27.01
Franklin Liberty U.S. Core Bond ETF,25.4018
China Franklin FTSE ETF,24.5852
Liberty Investment Grade Corp ETF,26.0746
Fidelity Low Duration Bond Factor ETF,50.85
Europe Franklin FTSE ETF,25.21
Europe Hedged Franklin FTSE ETF,24.86
FI Enhanced Europe 50 ETN Series B,158
France Franklin FTSE ETF,26.545
United Kingdom Franklin FTSE ETF,24.62
CS FI Large Cap Growth Enhanced ETN,370.77
Germany Franklin FTSE ETF,22.905
Hong Kong Franklin FTSE ETF,24.58
Franklin Liberty High Yield Corp ETF,26.2594
Franklin Liberty Intl Aggregate Bond ETF,25.2
Franklin India ETF,23.2126
Franklin Intl Opportunities ETF,29.1472
Italy Franklin FTSE ETF,25.237
Japan Hedged Franklin FTSE ETF,26.12
Japan Franklin FTSE ETF,26.38
South Korea Franklin FTSE ETF,21.255
Franklin FTSE Latin America ETF,27.2833
Liberty US Low Volatility ETF,39.7114
Global Engineering and Construction ETF FT,50.67
Franklin Liberty Municipal Bond ETF,26.475
Franklin Liberty Intermediate Munic,25.7183
Mexico Franklin FTSE ETF,23.4579
Floating Rate Bond Ishares ETF,51.03
Liberty Global Dividend,30.93
Liberty Emerging Marketfs ETF,28.6107
Liberty Global Equity ETF,33.99
Liberty Intl Equity Hedged ETF,27.875
Franklin Libertyq U.S. Equity ETF,35.632
Franklin Libertyq U.S. Mid Cap Equity ETF,33.7037
Franklin Libertyq U.S. Small Cap Equity ETF,29.39
Inv Growth Floating Rate ETF SPDR,30.78
Advisorshares Pacific Asset Enh,49.215
Franklin Russia ETF,29.0891
Franklin FTSE Saudi Arabia ETF,24.63
Franklin Liberty Systematic Style Premia ETF,25.545
Franklin Switzerland ETF,28.56
Fidelity Ltd Term Bond ETF,51.2
Investment Grade Floating Rate Vaneck ETF,25.3622
Taiwan Franklin FTSE ETF,28.163
Franklin FTSE South Africa ETF,24.1713
Frontier 100 Ishares MSCI ETF,30.2101
Fidelity Materials MSCI ETF,33.748
Mstar Managed Futures Strategy Fund FT,42.935
Fidelity Financials MSCI ETF,44.8
Schwab Fundamental US Smallcap,39.8701
Schwab Fundamental US Broad Market,42.62
Schwab Fundamental Intl Smallcap,32.3353
Schwab Fundamental EM Large Company,28.41
Schwab Fundamental Intl Large Company,28.5391
Schwab Fundamental US Largecap,43.13
BMO Rex Microsectors Fang Index -3X Inverse Lev,6.36
Microsectors Fang Index 2X Leveraged Etns 01/08,71.28
Microsectors Fang Etns Due January 8 2038,62.72
BMO Rex Microsectors Fang Index 3X Leveraged Ex,86.7927
Microsectors Fang Index -2X Inverse Leveraged E,20.94
Chindia ETF FT,40.54
FT CBOE Vest U.S. Equity Buffer ETF November,31.9901
Ishares Focused Value Factor ETF,49.6464
Preferred Securities and Income ETF FT,20.33
FT Institutional Preferred Securities and Income,20.31
US IPO Index First Trust,84.84
Fidelity Quality Factor ETF,39.068
Unconventional Oil & Gas Vaneck ETF,9.87
Friedman Industries Inc,5.85
Freedom 100 Emerging Markets ETF,27.13
Fidelity Real Estate MSCI ETF,28.6219
S&P REIT Index,26.63
Large Cap Growth Index-Linked Exchange Traded No,161.65
Frontier Markets Invesco ETF,14.27
Flexible Solutions International Inc,2.09
First Trust Short Duration Managed Municipal ETF,20.5908
Fidelity Small-Mid Factor ETF,27.26
Franklin Street Properties,7.89
Fidelity Consumer Staples MSCI ETF,38.21
Fidelity Info Tech MSCI ETF,78.44
Franklin Templeton Ltd Duration,9.64
Long/Short Equity ETF FT,43.8057
Franklin Short Dur US Government ETF,94.52
CMCI Food TR ETN UBS E-Tracs,16.03
First Trust Ultra Short Duration Municipal ETF,20.1
Managed Futures Strategy Proshares,38.2901
Fidelity Utilities MSCI ETF,44.7692
Fidelity Value Factor ETF,38.7
Value Line Dividend Idx First Trust,36.69
Value Line 100 ETF First Trust,23.43
Madrona Global Bond ETF,26.895
Australian Dollar Trust Currencyshares Invesco,67.27
British Pound Sterling Trust Currencyshares Inve,125.29
Canadian Dollar Trust Currencyshares Invesco,74.164
Chinese Renminbi Trust Currencyshares Invesco,69.9143
Consumer Disc Alphadex First Trust,44.96
Euro Trust Currencyshares Invesco,103.87
Swiss Franc Trust Currencyshares Invesco,94.39
Consumer Staples Alphadex First Trust,48.42
Healthcare Alphadex First Trust ETF,86.02
China Large-Cap Ishares ETF,41.55
Technology Alphadex First Trust,75.58
Energy Alphadex First Trust,9
Financial Alphadex First Trust,34.115
Ultrashort FTSE China 25 Proshares,57.04
Indust/Producer Dur Alphadex First Trust,45.5334
Swedish Krona Trust Currencyshares Invesco,95.4475
Singapore Dollar Trust Currencyshares Invesco,70.57
Utilities Alphadex First Trust,29.9182
Japanese Yen Trust Currencyshares Invesco,86.33
Materials Alphadex First Trust,38.57
Cambria Foreign Shareholder Yie,23.83
Cambria Global Asset Allocation,27.34
SSGA Global Allocation ETF SPDR,40.35
Purefunds Video Game Tech ETF,46.78
Reality Divcon Dividend Guard ETF,27.89
Natural Gas Bull 3X Direxion,4.87
Direxion Natural Gas Bear 3X,68.4976
Ipath.B Natural Gas Subindex,21.86
Global Beta ETF Trust Global Beta Smart Income E,19.7582
Government/Credit Bond Ishares ETF,119.455
GS Treasuryaccess 0-1 Year ETF,100.28
New Concept Energy Inc,1.11
Ipath Gold ETN,25.96
Goldman Sachs Motif New Age Consumer ETF,60.5733
Wisdomtree Continuous Commodity Index Fund,17.6
CEF GS Connect ETN Claymore,14.77
Pacer Global Cash Cows Dividend,30.48
Goldman Sachs Motif Data-Driven World ETF,61.45
Gadsdena Dynamica Multi-Asseta ETF,26.3404
Goldman Sachs Motif Human Evolution ETF,57.575
Goodrich Petroleum Corp,6.31
Principal Active Global Dividend Income ETF,30.15
Gold Miners Vaneck ETF,28.11
Junior Gold Miners ETF Vaneck,40.45
GS Activebeta EM Equity ETF,33.81
Goldman Sachs Motif Finance Reimagined ETF,63.2
Gamco Global Gold Natural Resources,4.23
Gamco Global Gold Natural Reou,25.2768
Gabelli Go Anywhere Trust,15.2
The Gabelli Healthcare and Wellness Trust,41.95
S&P High Income Infrastructure Invesco ETF,28.76
Access High Yield Corporate Bond ETF Goldman Sac,49.68
US and Intl High Yield Corp Bond Ishares ETF,49.55
Goldman Sachs Access Investment Grade Corp Bond,53.31
FTSE Global Infra 100 SPDR,56.47
Wisdomtree Yield Enhanced Global Agg Bond Fund,26.92
Gold SPDR,147
SPDR Gold Minishares Trust,15.575
Agfiq Global Infrastructure ETF,27.45
Ultrashort Gold Proshares,50.07
Clough Global Opportunities Fund,10
Glowpoint Inc,1.335
Clough Global Equity Fund,12.7212
Physical Precious Metals Basket,79.7399
Gabelli Global Utility,19.399
Gabelli Global Utility & Income TR,51.87
Clough Global Allocation Fund,11.7501
Goldman Sachs Motif Manufacturing Revolution ETF,59.6
S&P Emerging Asia Pacific SPDR,102.08
General Moly Inc,0.211
Cambria Global Momentum ETF,25.96
Microsectors Fang Index Inverse Etns 01/08/2023,34.11
S&P Global Natural Resources SPDR,43.6828
Vaneck Vectors Morningstar Global Wide Moat ETF,31.925
US Global Go Gold and Precious Metal Miners ETF,16.25
G-X Gold Explorers ETF,25.38
Gold Resource Corp,5.38
US Treasury Bond Ishares ETF,26.3
Great Panther Mining Ltd,0.585
Flexshares Global Quality Real Estate,66.11
G-X FTSE Greece 20 ETF,9.4
IQ Global Resources ETF,26.02
Eagle Capital Growth Fund,7.9
Ipath Series B Carbon ETN,46.965
Green Bond Vaneck ETF,26.7841
MLCX Grains Index TR ETN Elements,3.065
Globalstar,0.485
Globalscape,10.25
GS Connect S&P GSCI Enh Commodity TR ETN,20.805
GS Activebeta Europe Equity ETF,31.5555
Equal Weight U.S. Large Cap Equity ETF Goldman S,52.0677
S&P GSCI Commodity-Indexed Ishares ETF,14.3
GS Activebeta International ETF,30.2401
GS Activebeta Japan Equity ETF,33.55
GS Activebeta US Largecap ETF,67.12
Ipath ETN June 12 2036,13.39
Golden Star Resources Ltd,2.89
GS Activebeta U.S. Small Cap Equity ETF,47.4
GS Access Ultra Short Bond ETF,50.66
Gold Standard Ventures Corp,0.761
Ultra Short Duration Invesco ETF,50.41
Gran Tierra Energy Inc,0.92
Goldman Sachs Access Inflation Protected USD Bon,52.98
Total Return Bond Invesco ETF,54.9283
Sage ESG Intermediate Credit ETF,51.12
Mstar Global Upstream Natural Resources ETF,31.91
G-X Guru Index ETF,36.84
Direxion S&P Oil & Gas Expl Bull 3X,19.43
Goldfield Corp,3.55
Cambria Global Value ETF,23.38
Interm Govt/Credit Bond Ishares ETF,113.58
GS Hedge Industry Vip ETF,67.72
S&P Smallcap Intl SPDR,30.88
S&P China SPDR,101.09
G-X FTSE Nordic Region ETF,22.5
G-X FTSE Colombia 20 ETF,9.56
Arrow DJ Global Yield ETF,15.4502
ISE Cyber Security ETF,43.9264
SPDR S&P Kenso Smart Mobility ETF,31.4879
China Small Cap Invesco ETF,24.4
Rve Hard Assets Producers Vaneck ETF,35.36
Australia Curr Hedged Ishares MSCI ETF,27.69
Xtrackers International Real Estate ETF,29.5
ACWI Curr Hedged Ex US Ishares MSCI ETF,28.57
Db-Xt MSCI All World Ex-US Div Yld Hgd Eq,25.54
Db-Xt MSCI EAFE High Div Yld Hgd Eq,24.19
Hedge Replication Proshares,47.0073
Active Bear ETF,5.11
Etracs 2X US HI Div Low Vol ETN Series B,26.5834
Etracs 2X US HI Div Low Vol ETN,30.075
Horizon Vol Dev Intl ETF FT,34.1596
High Dividend Ishares Core ETF,96.148
Ecological Strategy ETF,43.09
Wisdomtree Europe Hedged Equity Fund,70.99
Emrg Mkts Curr Hedged Ishares MSCI ETF,26.2549
EAFE Curr Hedged Ishares MSCI ETF,31.13
Canada Curr Hedged Ishares MSCI ETF,28.0001
Italy Curr Hedged Ishares MSCI ETF,19.3
Japan Curr Hedged Ishares MSCI ETF,33.735
Switzerland Curr Hedged Ishares MSCI ETF,32.2254
Spain Curr Hedged Ishares MSCI ETF,22.7682
United Kingdom Curr Hedged Ishares MSCI ETF,24.1593
Mexico Curr Hedged Ishares MSCI ETF,16.2594
South Korea Curr Hedged Ishares MSCI ETF,21.82
Eurozone Curr Hedged Ishares MSCI ETF,32.48
IQ 50% Hedged FTSE Europe,21.03
IQ 50% Hedged FTSE International,21.93
IQ 50% Hedged FTSE Japan,22.0441
Direxion Daily S&P 500 High Beta Bull 3X Shares,30.92
Direxion Daily S&P 500 High Beta Bear 3X Shares,18.44
Graniteshares US High Income ETF,17.1001
Jpx-Nikkei 400 Curr Hedged Ishares ETF,30.7521
Hillman Gr Cap 11.6,35.29
Hartford Municipal Opportunities ETF,42.32
Pioneer Diversified High Income Trust,15.24
Advisorshares Sage Core Reserve,99.89
Etracs 2X Homebuilders ETN,73.5169
Hoya Capital Housing ETF,30.2673
EAFE Small-Cap Curr Hedged Ishares MSCI ETF,30.9
Horizons S&P 500 Covered Call,51.8842
Hartford Short Duration ETF,41.01
Hartford Schroders Tax-Aware Bond ETF,21.16
Robo Global Healthcare Technology and Innovation,27.7
Hartford Total Return Bond ETF,40.7333
Hull Tactical US ETF,27.24
Houston American Energy Corp,0.148
US Equity Rotation Strategy ETF,34.0209
Horizon Vol Domestic ETF FT,28.88
High Yld Muni ETF Vaneck,65.07
High Yield Defensive Bond Ishares Edge ETF,50.654
Xtrackers Low Beta High Yield Bond ETF,50.53
Emrg Mkts High Yield Bd ETF Vaneck,24.07
High Yield Corp Bond Ishares Iboxx $ ETF,87.87
Int Rate Hedged High Yield Bond Ishares ETF,89.2
Flexshares High Yield Value-Scored Bond Index Fu,48.66
High Yld Interest Rate Proshares,64.9801
Db-Xt HY Corp Bd Intr Rt Hdg,22.03
D-X USD HI Yld Corp Bond ETF,50.3123
High Yield ETF,33.68
Indexiq S&P High Yld Low Vol ETF,25.4901
S&P HI Yld Muni Bond SPDR,60.14
0-5 Year HI Yld Corp Bond Idx ETF Pimco,99.4
Cp High Yield Trend ETF,25.065
Xtrackers High Beta High Yield Bond ETF,48.9218
Intl High Yield Corp Bond Ishares ETF,50.9701
Aberdeen Australia Equity Fund Inc,5.56
Intl Aggregate Bond Ishares Core ETF,55.53
US Broker-Dealers & Sec Exch Ishares ETF,71.3541
US Insurance Ishares ETF,74.8661
US Regional Banks Ishares ETF,49.04
Gold Trust Ishares,14.92
Ishares Gold Strategy ETF,53.7926
Mar 2020 Term Corp Ex-Financials Ishares Ibonds,24.55
Mar 2023 Term Corp Ex-Financials Ishares Ibonds,24.61
Inspire Corporate Bond Impact ETF,25.76
Ishares Mar 2020 Term Corp ETF,26.03
Mar 2023 Term Corp Ishares Ibonds ETF,26.9399
Dec 2020 Term Corp Ishares Ibonds ETF,25.27
Dec 2021 Term Corp Ishares Ibonds ETF,24.94
Dec 2022 Term Corp Ishares Ibonds ETF,25.36
Dec 2023 Term Corp Ishares Ibonds ETF,25.7
Dec 2024 Term Corp Ishares Ibonds ETF,25.87
Dec 2025 Term Corp Ishares Ibonds ETF,26.18
Dec 2026 Term Corp Ishares Ibonds ETF,25.82
Dec 2027 Term Corp Ishares Ibonds ETF,26.2771
Ishares Ibonds Dec 2028 Term Corporate ETF,28.17
Ishares Ibonds Dec 2029 Term Corporate ETF,25.95
Ishares Ibonds 2021 Term High Yield and Income E,24.99
Ishares Ibonds 2022 Term High Yield and Income E,24.745
Ishares Ibonds 2023 Term High Yield and Income E,25
Ishares Ibonds 2024 Term High Yield and Income E,25.3823
Ishares Ibonds 2025 Term High Yield and Income E,25.41
Ibio Inc,0.356
Sep 2020 Term Muni Bond Ishares Ibonds ETF,25.52
Dec 2021 Term Muni Bond Ishares Ibonds ETF,25.83
Dec 2022 Term Muni Bond Ishares Ibonds ETF,26.26
Dec 2023 Term Muni Bond Ishares Ibonds ETF,25.94
Dec 2024 Term Muni Bond Ishares Ibonds ETF,26.61
Ishares Ibonds Dec 2025 Term Muni Bond ETF,27.47
Ishares Ibonds Dec 2026 Term Muni Bond ETF,26.335
Ishares Ibonds Dec 2027 Term Muni Bond ETF,26.45
Ishares Ibonds Dec 2028 Term Muni Bond ETF,26.6234
Intl Corp Bond ETF SPDR,33.4426
Cohen & Steers REIT Ishares ETF,120.23
Colombia Ishares MSCI ETF,13.382
Pacer Developed Markets International Cash,26.74
Ultra Short-Term Ishares ETF,50.38
Convertible Bond Ishares ETF,65.68
Intl Devd Markets Ishares Core MSCI ETF,58.34
S&P Intl Developed HI Div Low Vol Invesco ETF,28.06
S&P Intl Developed Quality Invesco ETF,26.32
U.S. Equity Cumulative Dividends Fund Series 202,11.98
S&P Intl Developed Low Vol Invesco ETF,34.5393
S&P Intl Developed Momentum Invesco ETF,28.8766
Ishares Genomics Immunology and Healthcare ETF,29.46
Alps International Sector Dividend,26.66
Ishares Self-Driving Ev and Tech ETF,28.26
US Utilities Ishares ETF,171.591
Intl Select Dividend Ishares ETF,33.5827
Indonesia Index ETF Vaneck,21.71
Pacific Global International Equity Income ETF,26.0976
US Consumer Staples Ishares Evolved ETF,29.2361
US Discretionary Spending Ishares Evolved ETF,32.0089
EAFE Ishares Core MSCI ETF,65.2399
US Financials Ishares Evolved ETF,26.7534
US Healthcare Staples Ishares Evolved ETF,32.53
US Innovative Healthcare Ishares Evolved ETF,28.6405
Invesco Emerging Markets Debt Defensive ETF,25.83
US Media and Entertainment Ishares Evolved ETF,27.7665
Emrg Mkts Ishares Core MSCI ETF,52.73
Invesco Emerging Markets Debt Value ETF,26.9798
US Oil & Gas Explor & Prod Ishares ETF,48.71
US Technology Ishares Evolved ETF,35.43
Europe Ishares Core MSCI ETF,49.58
Europe 350 Ishares ETF,46.73
US Oil Equipment & Services Ishares ETF,17.2645
Purefunds Drone Economy Strategy ETF,39.135
US Infrastructure Ishares ETF,28.6468
Principal Investment Grade Corporate Active ETF,26.395
Int. Rate Hedged Long-Term Corp Bond Ishares,24.99
India Globalization Capital Inc,0.617
Natural Resources North American Ishares ETF,28.08
Invst Grade Enhanced Bond Ishares Edge ETF,52.59
Invest Grade Interest Rate Proshares,76.63
Db-Xt Invt Grd Bd Intr Rt Hdg,23.58
Long-Term Corp Bond Ishares ETF,68.53
North American Tech Ishares ETF,261.02
North American Tech-Multimedia Networking Ishare,54.51
Intl Dividend Growth Ishares ETF,60.32
North American Tech-Software Ishares ETF,254.15
Ishares Cybersecurity and Tech ETF,28.55
Wisdomtree Intl Hedged Quality Div Growth Fund,37.255
US Pharmaceuticals Ishares ETF,164.0586
US Healthcare Providers Ishares ETF,201.71
US Medical Devices Ishares ETF,270.96
Innsuites Hospitality Trust,1.5471
Intl High Yield Bond ETF Vaneck,25.02
Invesco Corp Income Defensive ETF,25.9153
Invesco Corporate Income Value ETF,24.9438
Invesco Investment Grade Defensive ETF,26.43
Invesco Investment Grade Value ETF,27.41
Innovator MSCI EAFE Power Buffer ETF - Jan,24.5433
S&P Mid-Cap 400 Ishares Core ETF,206.69
S&P Mid-Cap 400 Value Ishares ETF,169.18
S&P Mid-Cap 400 Growth Ishares ETF,242.05
S&P Small-Cap Ishares Core ETF,83.55
S&P Small-Cap 600 Value Ishares ETF,156.08
Innovator MSCI EAFE Power Buffer ETF July,23.77
Latin America 40 Ishares ETF,31.98
10+ Year USD Bond Ishares Core ETF,70.5437
Invesco Multi-Factor Core Fixed Income ETF,26.0821
Invesco Multi-Factor Defensive Core Fixed Income,25.565
Invesco Multi-Factor Income ETF,26.205
Invesco Multi-Factor Core Plus Fixed Income ETF,26.33
Impac Mortgage Holdings,5.22
Ipath S&P MLP ETN,14.1443
Imperial Oil Ltd,23.58
Intl Quantitative Momentum ETF,27.48
5-10 Year USD Bond Ishares Core ETF,51.0501
Intl Momentum Factor Ishares Edge MSCI ETF,32.3001
India Consumer Egshares,43.18
India MSCI Ishares ETF,35.39
India Bull 3X Direxion,69
Indonesia Energy Corporation Limited,6.5
Pacer Benchmark Industrial Real Estate Sctr ETF,35.14
Infusystems Holdings,9.1612
SSGA Income Allocation ETF SPDR,34.7415
INR/USD ETN Vaneck,73.74
Intelligent Systems Corp,41.81
Intl Multifactor Ishares Edge MSCI ETF,26.92
Intest Corp,5.65
Inuvo Inc,0.315
Global 100 Ishares ETF,55.919
Income Opportunity Realty Trust,12.85
Pacific Ishares Core MSCI ETF,58.61
Purefunds ISE Mobile Payments ETF,53.55
Merrill Lynch & Company,29.98
Intl Preferred Stock Ishares ETF,15.085
Renaissance IPO ETF,33.38
Renaissance Capital Greenwich Fund,25.48
Flexshares Intl Quality Div Def Fund,22.77
Flexshares Intl Quality Div Fund,24.04
Wisdomtree Intl Quality Div Growth Fund,32.23
Flexshares Intl Quality Div Dyn Fund,26.135
IQ 500 International ETF,28.28
Intl Quality Factor Ishares Edge MSCI ETF,32.5554
IQ Candriam ESG International Equity ETF,25.3857
IQ Candriam ESG US Equity ETF,26.8922
Ishares Robotics and Artificial Intelligence ETF,28.2119
Intl Small-Cap Multifactor Ishares Edge MSCI ETF,31.33
Issuer Direct Corp,11.8495
Inspire Small/Mid Cap Impact ETF,28.02
Isoray Inc,0.839
Israel Vaneck ETF,36.8805
Intl Size Factor Ishares Edge MSCI ETF,27.98
US Aerospace & Defense Ishares ETF,234.26
US Home Construction Ishares ETF,48.6
Bluestar Israel Technology ETF,46.45
Interm Muni ETF Vaneck,50.91
S&P Total US Stock Market Ishares Core ETF,75.09
IT Tech Packaging Inc,0.85
Intl Quantitative Valueshares ETF,28.99
S&P 500 Value Ishares ETF,130.77
Intl Value Factor Ishares Edge MSCI ETF,24.0722
S&P Midcap 400 Growth ETF Vanguard,149.46
Quadratic Interest Rate Volatility and Inflation,25.15
S&P Midcap 400 ETF Vanguard,139.58
S&P Midcap 400 Value ETF Vanguard,128.93
S&P 500 Ishares Core ETF,334.29
S&P 500 Growth Ishares ETF,204.8296
Russell 1000 Ishares ETF,184.71
Micro-Cap Ishares ETF,98.07
Russell 1000 Value Ishares ETF,137.66
Russell 1000 Growth Ishares ETF,186.36
Russell Top 200 Ishares ETF,78.1
Russell 2000 Ishares ETF,166.76
Russell 2000 Value Ishares ETF,125.963
Russell 2000 Growth Ishares ETF,220.93
Russell Mid-Cap Growth Ishares ETF,158.496
Russell Mid-Cap Ishares ETF,60.93
Russell Mid-Cap Value Ishares ETF,95.67
Russell 3000 Ishares ETF,194.76
Russell Top 200 Value Ishares ETF,59
Russell Top 200 Growth Ishares ETF,102.8998
Global Energy Ishares ETF,28.3157
Global Financials Ishares ETF,68.49
Global Healthcare Ishares ETF,70.335
Global Tech Ishares ETF,226.09
Global Telecom Ishares ETF,63.06
Wisdomtree India Ex-State-Owned Enterprises Fund,25.8359
US Consumer Services Ishares ETF,232.98
US Energy Ishares ETF,28.9
US Financials Ishares ETF,141
US Financial Services Ishares ETF,154.08
US Healthcare Ishares ETF,218.93
US Industrials Ishares ETF,172.61
US Consumer Goods Ishares ETF,137.71
Mstar Multi-Asset Income Ishares ETF,25.86
US Basic Materials Ishares ETF,95.11
US Real Estate Ishares ETF,95.99
Transportation Average Ishares ETF,195.02
US Technology Ishares ETF,252.4968
DJ US Ishares ETF,165.2162
US Telecommunications Ishares ETF,29.99
Ark Israel Innovative Technology ETF,23.7201
Jpmorgan U.S. Aggregate Bond ETF,26.89
Jpmorgan Core Plus Bond ETF,53.355
JPM U.S. Dividend ETF,28.1071
Direxion Junior Gold Mine Bear 3X,10.22
US Global Jets ETF,31.0901
John Hancock Multifactor Media and Communication,28.84
John Hancock Multifactor Emerging Markets ETF,25.981
JH Materials Multifactor ETF,34.3571
JH Consumer Disc Multifactor ETF,36.4633
JH Developed Intl Multifactor ETF,29.721
JH Energy Multifactor ETF,21.52
JH Financial Multifactor ETF,42.1774
JH Healthcare Multifactor ETF,38.1985
JH Industrials Multifactor ETF,40.615
JH Largecap Multifactor ETF,42.46
JH Midcap Multifactor ETF,39.9233
JH Consumer Staples Multifactor ETF,30.3388
JH Technology Multifactor ETF,58.91
JH Utilities Multifactor ETF,35.69
John Hancock Multifactor Small Cap ETF,28.12
Jpmorgan Corp Bond Research Enhanced ETF,55.663
Ipatha.B Agriculture Subindex TR ETN,43.1567
Ipatha.B Copper Subindex TR ETN,40.11
Ipatha.B Energy Subindex TR ETN,39.4653
Ipatha.B Grains Subindex TR ETN,44.25
Ipatha.B Industrial Metals Subindex TR ETN,41.3265
Ipatha.B Nickel Subindex TR ETN,52.63
Ipatha.B Precious Metals Subindex TR ETN,55.379
Ipatha.B Softs Subindex TR ETN,39.8706
Ipatha.B Tin Subindex TR ETN,43.16
Ipatha.B Aluminum Subindex TR ETN,39.14
Mstar Large-Cap Ishares ETF,191.52
Mstar Large-Cap Growth Ishares ETF,224.88
Mstar Large-Cap Value Ishares ETF,116.8729
Mstar Mid-Cap Ishares ETF,214.78
Mstar Mid-Cap Growth Ishares ETF,274.882
Mstar Small-Cap Ishares ETF,189.025
Mstar Small-Cap Growth Ishares ETF,219.5
Mstar Small-Cap Value Ishares ETF,142.1308
Janus Henderson Mortgage-Backed Securities ETF,52.34
JPM U.S. Minimum Volatility ETF,32.24
JPM U.S. Momentum Factor ETF,31.9314
Jpmorgan Ultra-Short Municipal ETF,50.52
Jpmorgan Municipal ETF,54.3461
High Yield Bond ETF SPDR,109.52
Wisdomtree Japan Multifactor Fund,26.711
Direxion Junior Gold Mine Bull 3X,70.9
Ipatha.B Coffee Subindex TR ETN,31.5629
General Employment Enterprises,0.3635
Infusive US Trust ETF Infusive Compounding Globa,26.48
JPM Event Driven ETF,26.325
JPM Dvsd Rtns EM ETF,55.07
JPM Dvsd Rtns Europe Equity ETF,60.3642
JPM Global Bond Opportunities ETF,50.39
JPM Dvsd Rtns Global Equity,62.56
JPM Dvsd Alternatives ETF,23.85
JPM Diversified High Yield ETF,51.7
JPM Dvsd Rtns Intl Equity ETF,56.8301
JPM Long/Short ETF,21.92
JPM USD Emrg Mkts Sovereign Bond ETF,52.0301
JPM Dvsd Rtns US Midcap ETF,70.85
JPM Managed Futures Strategy ETF,23.56
Japan Min Vol Ishares Edge MSCI ETF,67.87
Db-Xt Jpn Jpx Nikkei 400 Eq,29.1432
Direxion Japan Bull 3X,65.315
JPM Dvsd Rtns US Smallcap Equity ETF,32.39
JPM Ultra-Short Income ETF,50.49
JPM Dvsd Rtns US Equity ETF,80.63
Jpx-Nikkei 400 Ishares ETF,64.5239
JPM U.S. Quality Factor ETF,32.48
Goldman Sachs Just U.S. Large Cap Equity ETF,48.075
JPM U.S. Value Factor ETF,29.1733
Global Utilities Ishares ETF,62.15
KS MSCI All China Index ETF,25.8077
KS Electric Vehicles and Future Mobility Index E,24.7601
KS Bosera MSCI China A ETF,30.83
S&P Bank ETF SPDR,45.92
KS Ccbs China Corp High Yield Bond USD Index ETF,40.8131
S&P Capital Markets ETF SPDR,62.88
KS E Fund China Commercial Paper ETF,32.62
Kfa Dynamic Fixed Income ETF,24.86
KS Emerging Markets Consumer Technology Index Et,24.6447
KS MSCI Emerging Markets Ex China Index ETF,26.0394
KS Cicc China Leaders 100 Index ETF,25.6211
KS MSCI China Environment Index ETF,19.29
S&P Insurance ETF SPDR,36.84
Kelso Technologies,0.7
Innovator Russell 2000 Power Buffer ETF - Jan,26.81
Kfa Large Cap Quality Dividend Index ETF,27.684
Exchange Listed Funds Trust Gav,36.85
Kaleyra Inc.,8.2
KS Emerging Markets Healthcare Index ETF,22.99
Microsectors U.S. Big Banks Index Inverse Etns,40.5622
ETF Series Solutions ETF CBOE Vest S&P 500 Divid,46.42
All Cap Insider Sentiment Direxion,39.29
Innovator Russell 2000 Power Buffer ETF October,25.48
Innovation Shares Nextgen Protocol ETF,30.15
Coal ETF Vaneck,8.71
Ultrashort Natural Gas Proshares,48.4
SPDR Kensho & New Economies Composite ETF,37.99
American Century Dvfd Corp Bond ETF,51.7108
Direxion South Korea Bull 3X,24.52
S&P Regional Banking ETF SPDR,56.29
Saudi Arabia Ishares MSCI ETF,29.3
Kfa Small Cap Quality Dividend Index ETF,26.4816
KS MSCI All China Health Care Index ETF,25.05
KS Trust KS CSI China Internet ETF,50.98
Global Cons Staples Ishares ETF,56.24
Direxion S&P Biotech Bear 3X,11.47
Direxion S&P Biotech Bull 3X,56.271
Direxion Daily Consumer Staples Bear 3X Shares,14.1272
Etracs 2X Bus Dev Series B,15.02
Latin America Bull 3X Direxion,18.48
Libbey Inc,1.28
Leuthold Core ETF,25.517
Lineage Cell Therapeutics Inc,1.08
Ipath Lead Subindex TR Sm Index ETN,39.21
Innovator Ibd ETF Leaders ETF,22.921
Pimco Low Duration ETF,100.18
Reality Divcon Leaders Dividend ETF,40.38
Emrg Mkts Local Curr Bond Ishares JPM ETF,43.7
Amplify Crowdbureau Peer-To-Peer Lending & Crow,16.81
Centrus Energy Corp,6.1
Vaneck Vectors Ndr Cmg Long/Flat Allocation ETF,31.14
Hcm Defender 500 Index ETF,29.123
LGL Group,14.41
SSGA US Large Cap Low Vol Index SPDR,119.2
FT Long Duration Opportunities ETF,27.89
G-X Lithium ETF,30.91
Flexshares Credit Scored US Long Corp,59.34
Lilis Energy Inc,0.222
Etracs 2X MLP Ex-Energy ETN Series B,25.5996
Etracs 2X MLP Ex-Energy ETN,17.4567
Cheniere Energy,55.93
Comstock Mining Inc,0.685
Innovator Loup Frontier Tech E,29.55
Spark Networks Plc,6.14
ACWI Low Carbon Target MSCI ETF SPDR,101.33
Invst Grade Corp Bond Ishares Iboxx $ ETF,130.18
Int Rate Hedged Corp Bond Ishares ETF,95.52
Ishares Inflation Hedged Corporate Bond ETF,27.06
Etracs 2X MSCI US REIT Index ETN,29.52
USA Multifactor Ishares Edge MSCI ETF,35.35
Leadershares Alphafactor US Core Equity ETF,27.1921
Salt Low Trubeta US Market ETF,29.5566
Natixis Loomis Sayles Short Duration Income ETF,25.35
Ultra Telecommunications Proshares,42.1784
15+ Year US TIPS Index ETF Pimco,74.88
Ladenburg Thalmann Financial Inc,3.49
Ladenburg Thalmann Financial Se,25.04
Ladenburg Thalmann Financial Services Inc 7.00%,22.01
Ladenburg Thalmann Financial Services Inc,23.61
Ladenburg Thalmann Financial Services Inc 7.25%,22.45
Ladenburg Thalmann Financial Services Inc 6.50%,21.4
Elkhorn Lunt Low Vol/High Beta Tactical ETF,37.7001
Legg EM Low Vol HI Div ETF,25.46
Legg Intl Low Vol High Div ETF,27.11
S&P Global Dividend Opportunities Index Invesco,12.2901
Multifactor Low Volatility US Equity ETF,32.495
Vaneck Vectors Municipal Allocation ETF,25.94
MAG Silver Corp,10.33
Point Bridge Gop Stock Tracker ETF,28.7666
Contango Oil & Gas Company,3.81
IQ Hedge Macro Tracker ETF,26.6
S&P Midcap 400 SPDR,376.93
S&P Midcap Growth ETF SPDR,58.01
S&P Midcap Value ETF SPDR,54.26
Short Maturity Muni Bond Ishares ETF,50.11
Direxion Daily MSCI Mexico Bull 3X Shares,12.4
Pimco RAFI Dynamic Multi-Factor Intl,26.0209
Pimco RAFI Dynamic Multi-Factor Emerging MA,23.97
Motley Fool Small-Cap Growth ETF,27.34
Pimco RAFI Dynamic Multi-Factor U.S. Equity,31.7
Megacap 300 Index ETF Vanguard,116.04
Megacap 300 Growth Index ETF Vanguard,156
Megacap 300 Value Index ETF Vanguard,87.64
Mastech Holdings Inc,12.25
Micron Solutions Inc,2.6372
Ishares Edge MSCI Multifactor USA Mid-Cap ETF,28.7119
Direxion Mid Cap Bull 3X,49.44
Midcap Bear 3X Direxion,40.1076
Advisorshares Newfleet Multi-Se,48.62
Enhanced Short-Maturity Strgy ETF Pimco,101.76
Alternative Harvest ETF,16.43
Microsectors Cannabis Etns,51.6305
Microsectors Cannabis 2X Leveraged Etns,52.8523
Long Municipal Index ETF Vaneck,21.33
G-X MLP ETF,7.46
Etracs MLP Infrastructure Index ETN,18.1075
C-Tracks MLP Miller/Howard Perf Fundamental,11.94
C-Tracks MLP Miller/Howard Fundamental Series B,17.4219
Alerian Natural Gas MLP ETN UBS E-Tracs,16.348
Alerian MLP Infrastrctr ETN UBS E-Tracs,18.03
CS S&P MLP Index ETN,11.4725
UBS Ag Etracs 2X MLP Infrastructure ETN,17.72
G-X MLP & Energy Infrasture ETF,11.805
Cushing MLP HI Income ETN Morgan Stanley,4.47
UBS Ag Etracs 2X S&P MLP Index ETN Series B,21.595
Milestone Scientific,1.76
CS X-Links Multi-Asset High Income ETN,28.397
IQ Mackay Shields Municipal Insured ETF,26.6
IQ Mackay Municipal Intermediate ETF,26.13
S&P 1500 Momentum Tilt ETF SPDR,143.69
Maverix Metals Inc,4.87
IQ Merger Arbitrage ETF,33.25
Mcclatchy Company,0.65
Wide Moat Vaneck ETF,56.135
US Momentum Mkt Neutral ETF Quantshares,24.47
Agribusiness ETF Vaneck,67.16
Etracs 2X Mortgage REIT ETN,15.05
Mortgage REIT Vaneck ETF,25.23
Morningstar Intl Moat Vaneck ETF,31.329
Smartetfs Smart Transport & Tech ETF,27.1749
Merger ETF Proshares,38.6923
Etracs 2X Mortgage REIT ETN Series B,15.14
Emerson Radio Corp,0.8599
Lha Market State U.S. Tactical ETF,25.2248
Metalla Royalty and Streaming Ltd,6.12
Wisdomtree Mortgage Plus Bond Fund,50.8001
Matinas Biopharma Hl,1.35
USA Momentum Factor Ishares Edge MSCI ETF,133.06
Natl Muni Bond Ishares ETF,115.24
Interm Muni Bond Strgy ETF Pimco,55.68
Columbia Multi-Sector Municipal Income ETF,21.875
Direxion Communication Services Index Bear 3X Sh,10.8517
Natixis Seeyond Intl Min Vol ETF,45.275
Ultra Midcap 400 Proshares,45.29
Mexco Energy Corp,3.7189
Nationwide Maximum Diversification Emerging Mark,22.84
Nationwide Max Diverse U.S. Core Equity ETF,31.9614
Global Materials Ishares ETF,66.04
Myomo Inc,22.05
Midcap 400 Short Proshares,39.2
Ultrashort Midcap400 Proshares,13.68
Impact Shares Trust I Impact Shares Naacp Minori,24.3131
Direxion Homebuild & Suppliers Bull 3X,88.32
Northern Dynasty Minerals,0.4236
S&P North American Natural SPDR,31.9
Navidea Biopharmaceuticals Inc,1.04
Neuberger Berman Intermediate Fund Inc,15.61
Neuberger Berman New York Intermediate Fund Inc,12.86
Neuberger Berman California Intermediate Fund IN,14.19
Novabay Pharmaceuticals,0.5603
Short Maturity Bond Ishares ETF,50.28
Direxion Daily Consumer Staples Bull 3X Shares,35.91
New England Realty Associates Ltd Partnershi,62.6542
Roundhill Bitkraft Esports & Digital Entertainme,16.33
Nuverra Environmental Solutions,2.8915
Netlease Corporate Real Estate ETF,29.34
Virtus Multi-Sector Uncstd Bond,24.98
Insider Sentiment Invesco ETF,74.86
Flexshares Global Broad Infr Fund,55.3
Novagold Resources Inc,8.8
New Gold Inc,0.84
G-X Nigeria Index ETF,13.6
National Healthcare Corp,84.75
Neuberger Berman High Yield Strategies,12.5537
Ipath Cocoa Subindex TR Sm Index ETN,32.27
Innovator Nasdaq-100 Power Buffer ETF - Jan,35.9
Uranium+Nuclear Energy Vaneck ETF,50.73
Neuberger Berman MLP Income Fun,6.72
Nanoviricides Inc,8.5
S&P 500 Aristocrats Proshares,75.81
Innovator Nasdaq-100 Power Buffer Etf- October,32.9006
Northern Oil and Gas,1.67
G-X Norway ETF,11.89
Microsectors -3X U.S. Big Oil Index ETN,47.5601
Microsectors 2X U.S. Big Oil Index ETN,41.2686
Microsectors U.S. Big Oil Index 3X Leveraged ETN,34.998
Microsectors -2X U.S. Big Oil Index ETN,50.8196
Neuberger Berman Real Estate Securities,5.94
Inspiremd Inc WT,0.0078
Inspiremd Inc,1.06
Network-1 Sec Solu,2.35
Ntn Buzztime,2.1681
Wisdomtree 90/60 U.S. Balanced Fund,30.931
Nushares US Aggregate Bond ETF,24.99
Nushares ESG U.S. Aggregate Bond ETF,25.8601
Nushares ESG Intl Developed Markets Equity ETF,27.0158
Nushares ESG Emerging Markets Equity ETF,26.81
Gold Miners Bull 3X Direxion ETF,30.02
Nuveen ESG High Yield Corporate Bond ETF,25.2803
Nushares ETF Trust,31.0166
Nushares ESG Largecap Growth ETF,44.555
Nushares ESG Largecap Value ETF,33.01
Nushares ESG Midcap Growth ETF,36.7592
Nushares ESG Midcap Value ETF,30.21
Nushares Short-Term REIT ETF,30.7
1-5 Year U.S. Aggregate Nushares,25.065
Nushares ESG Smallcap ETF,31.41
Nationwide Risk-Managed Income ETF,25.8712
Nexgen Energy Ltd,1.08
New York Muni Bond Ishares ETF,57.68
KS MSCI One Belt One Road Index ETF,23.08
ETF Series Solutions Trust ETF,28.295
Oncocyte Corp,2.59
S&P 100 Ishares ETF,149.8756
O's Europe Qlty Divd ETF,25.64
Empire State Realty Op LP Se,13.67
Oragenics Inc,0.47
O'Shares Global Internet Giants ETF,28.89
Oil Services Vaneck ETF,11.22
Ipath.B S&P GSCI Crude Oil,10.345
Ultrapro Short Crude Oil Proshares,16.9101
Crude Oil Strategy Proshares,18.25
Ultrapro Crude Oil Proshares,11.82
Etracs S&P GSCI Crude Oil TR ETN,30.52
Ipath Pure Beta Crude Oil ETN,16.3
Oppenheimer Rus 1000 Dynamic Multifactor ETF,33.04
Oppenheimer Rus 2000 Dynamic Multifactor ETF,27.6576
Oppenheimer Rus 1000 Momentum Factor ETF,32.47
Russell 1000 Momentum Focus ETF SPDR,79.038
Russell 1000 Low Vol ETF SPDR,87.14
Russell 1000 Yield Focus ETF SPDR,75.0996
Proshares Online Retail ETF,38.77
ETF Series Solutions ETF Clearshares Ultra-Short,100.11
Oppenheimer Rus 1000 Quality Factor ETF,33.4826
Opus Small Cap Value Plus ETF,27.44
Oppenheimer Rus 1000 Size Factor ETF,30.105
Gold Shares Vaneck,15.27
O's U.S. Qlty Divd ETF,37.1621
O's Russell Smallcap Qlty Divd ETF,29.8901
Overlay Shares Core Bond ETF,25.5955
Overlay Shares Foreign Equity ETF,25.9321
Overlay Shares Large Cap Equity ETF,28.4191
Oppenheimer Rus 1000 Value Factor ETF,29.9738
Overlay Shares Municipal Bond ETF,25.65
Oppenheimer Rus 1000 Low Volatility Factor ETF,33.1255
Overlay Shares Small Cap Equity ETF,27.1171
Oppenheimer Rus 1000 Yield Factor ETF,29.0597
Xtrackers MSCI Latin America Pacific Alliance Et,24.4579
G-X MSCI Pakistan ETF,7.66
Physical Palladium,218
Innovator S&P 500 Power Buffer ETF,26.33
Direxion Daily Consumer Discretionary Bear 3X Sh,12.26
Innovator S&P 500 Power Buffer ETF August,26.06
G-X US Infr Development ETF,17.73
Proshares Pet Care ETF,45.76
Global Clean Energy Invesco ETF,15.59
Purebetasm FTSE Developed Ex-North America Inves,25.16
Dynamic Biotechnology & Genome Invesco ETF,57.056
Purebetasm FTSE Emerging Markets Invesco ETF,24.8766
Dynamic Food & Beverage Invesco ETF,33.355
Purebetasm US Aggregate Bond Invesco ETF,25.9417
S&P 500 Buywrite Invesco ETF,21.835
Dynamic Media Invesco ETF,35.45
Purebetasm MSCI USA Small Cap Invesco ETF,28.9111
Purebetasm 0-5 Yr US TIPS Invesco ETF,24.99
Purebetasm MSCI USA Invesco ETF,33.4009
Wilderhill Clean Energy Invesco ETF,38.65
CEF Income Composite Invesco ETF,23.59
Pacific Gas El 6.00,27.69
Pacific Gas El 5.50,25.2
Pacific Gas El 5.00,23.15
Pacific Gas El 4.80,22.8
Pacific Gas El 4.36,21.5
Emerging Markets Sovereign Debt Invesco ETF,29.905
Innovator S&P 500 Power Buffer ETF December,27.15
FTSE RAFI Dev Markets Ex-U.S. Small-Mid Invesco,31.4494
Pedevco Corp,1.38
Dynamic Leisure and Entertainment Invesco ETF,44.07
China ETF Vaneck,37.24
Global Listed Private Proshares,34.8602
Pacer US Export Leaders ETF,28.9134
Innovator S&P 500 Power Buffer ETF Feb,24.9001
Virtus Infracap U.S. Preferred Stock ETF,26.75
Global X U.S. Preferred ETF,25.45
Etracs 2X Prfd Stock Index ETN,25.88
Infracap REIT Preferred ETF,25.75
Fundamental Investment Grade Corp Bond Invesco,26.46
Aam Low Duration Preferred and Income Securities,25.36
Pfenex Inc,11.69
Preferred Securities Vaneck ETF,20.52
G-X FTSE Portugal 20 ETF,11.06
Financial Preferred Invesco ETF,19.03
Global Short Term Hi-Yld Bond Invesco ETF,22.87
Ipatha.B Platinum Subindex TR ETN,47.0798
Preferred Invesco ETF,15.16
Fundamental Hi-Yld Corp Bond Invesco ETF,19.2333
S&P 500 Downside Hedged Invesco ETF,28.74
Biomx Ltd. Units,10.42
Biomx Ltd. Warrants,0.99
Biomx Ltd.,9.5294
PGIM Active High Yield Bond ETF,41.0433
Sprott Physical Gold Trust,12.575
Intl Corp Bond Invesco ETF,27
Global Metals & Mining Producers Ishares MSCI Et,28.16
Direxion Daily Pharmaceutical & Medical Bull 3X,27.1999
India Invesco ETF,19.91
Innovator S&P 500 Power Buffer ETF January,28.81
Dynamic Pharmaceuticals Invesco ETF,65.78
Innovator S&P 500 Power Buffer ETF,26.99
Innovator ETFS Trust,27.4841
Dynamic Building & Construction Invesco ETF,35.71
Planet Green Holdings Corp,2.0119
Wisdomtree Modern Tech Platforms Fund,29.34
Active Weighting Funds,24.62
Platinum Group Metals Ltd,2.17
Polymet Mining,0.26
Graniteshares Platinum Shares ETF,9.5
Protalix Biotherapeutics,3.51
Plymouth Industrial REIT Inc Cum Red Pfd Ser A,27.38
Plymouth Industrial REIT Inc,18.55
Dynamic Retail Invesco ETF,40.87
Innovator S&P 500 Power Buffer ETF November,26.5478
Innovator S&P 500 Power Buffer ETF,25.49
Aerospace & Defense Invesco ETF,72.81
Portfolio Developed Markets ETF,24.5156
Portfolio Emerging Markets ETF,21.9179
Portfolio S&P 500 ETF,46.6551
Physical Platinum,90.48
Portfolio S&P Mid Cap ETF,27.1654
Portfolio S&P Small Cap,38.6397
Ppty U.S. Diversified Real Estate ETF,33.38
PGIM Qma Strategic Alpha Intl Equity ETF,54.1265
PGIM Qma Strategic Alpha Large-Cap Core ETF,57.3724
PGIM Qma Strategic Alpha Small-Cap Growth ETF,54.3078
PGIM ETF Trust ETF PGIM Qma Strategic Alpha Smal,50.707
Principal Spectrum Preferred Securities Active E,102.35
FTSE RAFI US 1000 Invesco ETF,128.23
Park National Corp,99.97
3D Printing ETF,22.7883
Innovator S&P 500 Power Buffer ETF - Sep,26.03
Dynamic Semiconductors Invesco ETF,70
Dynamic Software Invesco ETF,102.88
Wells Fargo Preferred Stock SPDR,44.35
Sprott Physical Silver Trust ETV,6.495
Balanced Multi-Asset Allocation Invesco ETF,14.2961
Conservative Multi-Asset Allocation Invesco ETF,12.9849
Growth Multi-Asset Allocation Invesco ETF,15.2229
Moderately Conservative Multi-Asset Allocation,13.95
Global Listed Private Equity Invesco ETF,13.0215
QQQ Short Proshares,22.66
Active U.S. Real Estate Invesco ETF,98.79
Ultrashort 7-10 Year Treasury Proshares,18.215
Pacer Trendpilot US Bond ETF,25.7714
Pacer Trendpilot European Index ETF,27.43
Pacer Trendpilot International ETF,26.7715
Pacer Trendpilot 750 ETF,34.58
Pacer Trendpilot 450 ETF,30.81
Palatin Technologies,0.6425
Pacer Trendpilot 100 ETF,43.3228
PGIM Ultra Short Bond ETF,50.06
Wisdomtree CBOE S&P 500 Putwrite Strategy Fund,28.77
Vrdo Tax-Free Weekly Invesco ETF,24.9
Power REIT (Md),9.1
Dynamic Large Cap Growth Invesco ETF,53.6118
Dynamic Market Invesco ETF,100.925
Pacer Trendpilot,24.72
Dynamic Large Cap Value Invesco ETF,41.71
California Amt-Free Municipal Bond Invesco ETF,27.7088
Dynamic Energy Exploration & Production Invesco,13.57
FTSE RAFI Dev Markets Ex-U.S. Invesco ETF,42.1158
FTSE RAFI Emrg Markets Invesco ETF,21.29
Dynamic Oil & Gas Services Invesco ETF,4.4803
Dynamic Networking Invesco ETF,64.23
Etracs Core Midstream Index ETN,19.4289
National Amt-Free Municipal Bond Invesco ETF,26.7801
Cleantech Invesco ETF,51.2741
Paramount Gold and Silver,0.9101
New York Amt-Free Municipal Bond Invesco ETF,25.7072
IQ Hedge Multi-Strategy Tracker ETF,30.914
Xtrackers Russell 1000 US Qarp ETF,30.72
Flexshares Quality Div Def Fund,48.5
Flexshares Quality Div Fund,48.8899
Global X S&P 500 Quality Dividend ETF,26.52
Flexshares Quality Div Dyn Fund,48.81
IQ Hedge Event-Driven Tracker ETF,21.91
EAFE Qlty Mix MSCI ETF SPDR,67.365
EM Strategicfactors MSCI ETF SPDR,58.91
American Century Stoxx U.S. Quality Growth ETF,46.8614
IQ Leaders Gtaa Tracker ETF,25.48
Ultrashort QQQ Proshares,19.94
American Century Quality Diversified Intl,42.12
Flexshares US Quality Largecap,37.84
Ultra QQQ Proshares,139.41
IQ Hedge Long Short Tracker ETF,23.2801
AAA A Rated Corp Bond Ishares ETF,55.45
Flexshares US Quality Low Volatility Index Fund,43.9348
Flexshares Developed Markets Ex-US Quality Low V,26.65
Flexshares Emerging Markets Quality Low Volatil,25.4994
IQ Hedge Market Neutral Tracker ETF,26.6767
Quantitative Momentum ETF,34.93
Hcm Defender 100 Index ETF,31.58
Nasdaq 100 EW Index Direxion,57.56
Qraft Ai-Enhanced U.S. Large Cap ETF,29.0724
Wisdomtree U.S. Quality Shareholder Yield Fund,94.8835
Defiance Quantum ETF,30.29
USA Quality Factor Ishares Edge MSCI ETF,104.125
USA Qlty Mix MSCI ETF SPDR,98.05
US Quantitative Valueshares ETF,29.67
Arrow Qvm Equity Factor ETF,29.1088
World Qlty Mix MSCI ETF SPDR,88.21
Vaneck Vectors ETF Trust ETF Vaneck Vectors Real,25.42
Pimco RAFI ESG U.S. ETF,25.4293
RAFI Long/Short Proshares,33.63
Flexshares Ready Access Variable Income,75.8201
Nationwide Risk-Based International Equity ETF,26.2352
Nationwide Risk-Based U.S. Equity ETF,31.5952
S&P 500 EW Consumer Discretionary Invesco ETF,110.3523
Renaissance Capital Growth & Income Fund III,1.72
Ultra Dividend Revenue ETF Oppenheimer,38.53
Global Realty Majors Cohen & Steers ETF,48.6301
Columbia Research Enhanced Core ETF,22.29
Oppenheimer Emerging Markets Ultra Dividend Reve,22.92
Oppenheimer Revenue Weighted ETF Trust ETF,24.2683
Global REIT Ishares ETF,28.04
Oppenheimer International Revenue ETF,25.41
S&P Midcap 400 Divd Proshares,60.9319
Ring Energy Inc,2.18
Real Estate Short Proshares,12.45
Mortgage Real Estate Ishares ETF,46.91
X-Links Mthy Pay 2X Leveraged Mortgage REIT,26.97
Rare Earth/Strategic Metals Vaneck ETF,12.66
Retail Bull 3X Direxion,25.2799
Columbia Research Enhanced Value ETF,21.4583
Ultrashort Technology Proshares,10.37
Residential Real Estate Ishares ETF,78.48
Riverfront Core Income Fund ETF,25.3441
Riverfront US Dividend Adv ETF,35.784
Riverfront US Flex-Cap ETF,36.4749
S&P Midcap 400 Pure Growth Invesco ETF,154.9901
Riverfront Unconstrained Income ETF,25.49
S&P Midcap 400 Pure Value Invesco ETF,65.84
S&P 500 EW Industrials Invesco ETF,139.29
Oppenheimer Global Revenue ETF,27.25
Regional Health Properties,1.51
Regional Health Properties 10.875% Series A,4.5
S&P 500 EW Consumer Staples Invesco ETF,147.55
Oppenheimer International Ultra Dividend Revenue,23.5855
Rmr Real Estate Income Fund,21.08
Riverfront Strategic Income Fund ETF,24.7501
30 Year Tips/Tsy Spread Proshares,26.6183
Sit Rising Rate ETF,22.585
Rogers Agriculture ETN Elements,5.395
Rogers Commodity ETN Elements,4.965
Rogers Energy ETN Elements,2.54
Rogers Metal ETN Elements,8.205
Radiant Logistics,4.98
SSGA Multi-Asset Real Return ETF SPDR,24.68
Lattice EM Strategy ETF,22.19
Global Robotics and Automation ETF,43.19
Lattice Strategies Trust,27.28
Barclays Return On Disability ETN,89.9799
Lattice Developed Markets Ex-US ETF,29.2654
SPDR Kensho Final Frontiers ETF,38.3404
Ultra Technology Proshares,186
Strategy Shares Newfound/Resolve Robust Momentum,27.0878
IQ US Real Estate Smallcap ETF,26.31
Lattice Real Estate Strategy ETF,16.4097
Hartford Multifactor Small Cap ETF,29.8689
Lattice US Equity Strategy ETF,34.5
Rpar Risk Parity ETF,20.6
S&P 500 Pure Growth Invesco ETF,132.2
S&P 500 Pure Value Invesco ETF,67.85
S&P 500 EW Invesco ETF,117.5371
Russia Vaneck ETF,24.93
Russia Smallcap Vaneck ETF,38.89
Pacer Benchmark Retail Real Estate Sctr ETF,27.7022
S&P 500 EW Materials Invesco ETF,114.8378
Russia Bull 3X Direxion,67.8249
Russia Bear 3X Direxion,6.4406
Db-Xt Municipal Infrastructure ETF,28.6
Retractable Technologies,1.41
Reverse Cap Weighted US Large Cap ETF,17.8844
Direxion Cyclicals Over Defensives ETF,71.57
Direxion Defensives Over Cyclicals ETF,53.6724
Direxion Developed Over Emerging Markets ETF,58.5715
Direxion Emerging Over Developed Markets ETF,51.9139
Direxion Russell 1000 Growth Over Value ETF,72.1903
Direxion Russell Intl Over US ETF,53.5431
Smallcap Revenue ETF Oppenheimer,64.885
Midcap Revenue ETF Oppenheimer,63.7513
Largecap Revenue ETF Oppenheimer,58.862
Direxion Russell Large Over Small Cap ETF,67.279
Russell 2000 Short Proshares,36.38
DJ Global Real Estate ETF SPDR,52.215
DJ REIT ETF SPDR,103.83
Direxion Russell Small Over Large Cap ETF,54.9018
Direxion Russell US Over Intl ETF,67.12
Direxion Russell 1000 Value Over Growth ETF,56.0467
Financial Sector Revenue ETF Oppenheimer,74.83
DJ Intl Real Estate ETF SPDR,38.91
Ultrashort Health Care Proshares,16.29
Global Cons Disc Ishares ETF,126.56
Ultra Health Care Proshares,130.5738
S&P 500 EW Energy Invesco ETF,43.28
S&P 500 EW Financials Invesco ETF,47.5624
S&P 500 EW Health Care Invesco ETF,227.7278
Raymond James Sb-1 Equity Invesco ETF,47.055
Global X Russell 2000 Covered Call ETF,25.38
S&P 500 EW Technology Invesco ETF,207.1686
S&P 500 EW Utilities Invesco ETF,112.36
Ryzz Managed Futures Strategy Plus ETF,21.5259
S&P Smallcap 600 Pure Growth Invesco ETF,119.5741
S&P Smallcap 600 Pure Value Invesco ETF,61.571
Ultra Smallcap 600 Proshares,108.1469
Sachem Capital Corp. 6.875% Notes Due 2024,25.3
Sachem Capital Corp,4.23
Total Bond Market Bear -1X Direxion,29.2249
Sandstorm Gold Ltd,6.59
Smallcap 600 Short Proshares,29.95
Alps Medical Breakthroughs ETF,42.2933
Basic Materials Short Proshares,17.5589
Ipath Silver ETN,25.2969
Advisorshares Cornerstone Small,37.27
Ultrashort Consumer Services Proshares,12.2195
Sachem Capital Corp,25.872
South CA Edis 408 Pf,23
South CA Edis 424 Pf,23.355
South CA Edis 431 Pf,24.195
South CA Edis 478 Pf,24.18
Schwab US Smallcap ETF,76.1041
Schwab US Broad Market ETF,79.49
Schwab Intl Smallcap ETF,33.9826
Schwab US Dividend Equity ETF,58.86
Schwab EM Mkts Equity ETF,26.76
Schwab Intl Equity ETF,33.68
Schwab US Largecap Growth ETF,98.8
Schwab US REIT ETF,46.8113
Schwab 5-10 Year Corporate Bond ETF,50.78
Hcm Defender 500 Index ETF,50.29
Schwab 1000 Index ETF,32.6966
Schwab US Midcap ETF,61.21
Schwab Short-Term US Trsy ETF,50.56
Schwab US TIPS ETF,57.25
Schwab Long-Term U.S. Treasury ETF,49.45
Schwab Interm-Term US Treasury,55.5701
Schwab US Largecap Value ETF,60.5563
Schwab US Largecap ETF,79.5653
Schwab US Aggregate Bond ETF,54.05
G-X Scientific Beta Europe ETF,26.15
India Smallcap ETF Vaneck,34.77
G-X Scientific Beta Japan ETF,28.08
G-X Scientific Beta US ETF,36.081
G-X Scientific Beta Asia Ex-Jpn ETF,23.83
Japan Small-Cap Ishares MSCI ETF,73.15
Ultrashort DJ-UBS Crude Oil Proshares,16.71
PS Ultrapro Short Comm Services Select Sector,17.7522
IQ Short Duration Enhanced Core Bond U.S. ETF,25.8322
Uscf Summerhaven Dynamic Commodity Strategy No K,16.48
Ultrashort Smallcap 600 Proshares,11.16
G-X Super Dividend EM ETF,13.0876
Impact Shares Sustainable Development Goals Glob,22.2887
Standard Diversified Opportunities Inc,11.48
G-X Superdividend ETF,17.27
Alps Sector Dividend Dogs ETF,46.69
Ultrapro Short Dow 30 Proshares,34.5
Ultrashort Utilities Proshares,12.97
Superior Drilling Products Inc,0.715
Ultrashort S&P 500 Proshares,23.06
S&P Dividend SPDR,108.045
Etracs 2X S&P Dividend ETN,101.3843
Shipping Invesco ETF,8.375
Seaboard Corp,3861
Northern Lights IV Main Sector Rotation ETF,31.15
Financials Short Proshares,18.73
Virtus Seix Senior Loan ETF,24.92
Senseonics Holdings,0.8348
Wisdomtree U.S. Short Term High Yield Corp Bond,50.5401
Wisdomtree U.S. Short Term Corp Bond Fund,50.97
Sofi Select 500 ETF,11.66
Sofi 50 ETF,21.2043
Sofi Next 500 ETF,10.7789
Southwest Georgia Financial Corp,34.61
Alps ETF Trust Sprott Junior Gold,31.72
Sprott Gold Miners ETF,24.1544
Ipatha.B Sugar Subindex TR ETN,45.99
Physical Swiss Gold,15.04
S&P 500 Short Proshares,23.14
Wisdomtree Yield Enhanced U.S. Short-Term Agg Bo,50.6
SSGA Gender Diversity ETF SPDR,79.27
Short-Term Muni Bond ETF SPDR,49.24
Short High-Yield Vaneck ETF,25.49
0-5 Year High Yield Corp Bond Ishares ETF,46.43
Xtrackers Short Duration High Yield Bond ETF,48.75
Sifco Industries,4.5
Ultrashort Industrials Proshares,10.2201
G-X Silver Miners ETF,30.7004
Purefunds ISE Junior Silver ETF,10.8069
Silvercrest Metals Inc,6.09
Grupo Simec S.A. DE C.V.,10.2272
SPDR Kensho Intelligent Structures ETF,32.7269
Physical Silver,17.18
USA Size Factor Ishares Edge MSCI ETF,99.47
High Yld Short Proshares,20.45
ST High Yield Bond ETF SPDR,26.9001
Ultrashort Financials Proshares,12.92
Salt Trubeta High Exposure ETF,27.878
Silver Trust Ishares,16.55
Global Silver Miners Ishares MSCI ETF,10.205
Steel Vaneck ETF,35.3494
S&P Smallcap 600 SPDR,72.2
S&P Smallcap Growth ETF SPDR,65.92
S&P Smallcap Value ETF SPDR,63.76
Municipal Short Vaneck ETF,17.86
Ultrapro Short Midcap 400 Proshares,5.93
Russell 2000 Divd Proshares,61.6421
Syntax Stratified Midcap ETF,29.5655
Euro Stoxx Smallcap ETF SPDR,62.0507
Etracs 2X Small Cap HI Div ETN,17.5
Etracs 2X US Small Cap HI Div ETN,11.52
India Small-Cap Ishares MSCI ETF,38.28
USA Multifactor Small-Cap Ishares Edge MSCI ETF,43.0975
Direxion Smallcap Bull,53.466
SSGA US Smallcap Low Vol Index SPDR,99.5929
Russell 2500 Ishares ETF,48.628
Short-Term Muni Bond Strgy ETF Pimco,50.789
USA Min Vol Small-Cap Ishares Edge MSCI ETF,35.91
Ultrashort Basic Materials Proshares,24
Vaneck Vectors Low Carbon Energy ETF,82.38
Sierra Metals Inc,1.6
Sanchez Midstream Partners LP,0.42
Xtrackers S&P 500 ESG ETF,28.96
G-X Fertilizers/Potash ETF,8.53
Cambria Sovereign High Yield Bo,25.2225
Semiconductor Bull 3X Direxion,284.2
Semiconductor Bear 3X Direxion,18.29
Teucrium Soybean,14.67
SPDR Aggregate Bond Portfolio ETF,29.7303
Issuer Scd Corp Bond SPDR,34.35
Direxion S&P 500 Bear 1X,23.58
Aam S&P 500 High Dividend Value ETF,27.055
SPDR World Ex-US Portfolio ETF,31.3601
SPDR Emerging Markets Portfolio ETF,36.68
Stoxx Europe 50 SPDR,36.36
G-X Superincome Preferred ETF,11.9
ACWI IMI MSCI ETF SPDR,43.68
Invesco S&P 500 Garp ETF,63.9333
S&P 500 High Beta Invesco ETF,47.03
S&P 500 High Dividend Low Vol Invesco ETF,43
S&P 500 Quality Invesco ETF,37.665
SPDR Portfolio High Yield Bond ETF,26.32
SPDR Intermediate Term Corporate Bond Portfolio,35.61
TIPS Barclays ETF SPDR,28.8654
SPDR Long Term Corporate Bond Portfolio ETF,30.94
SPDR Large Cap Portfolio ETF,39.15
S&P 500 Low Vol Invesco ETF,60.74
Mortgage Backed Bond ETF SPDR,26.22
SPDR Mid Cap Portfolio ETF,36.34
S&P 500 Momentum Invesco ETF,44.16
S&P 500 Minimum Variance Invesco ETF,33.0591
Sprott Physical Platinum and Palladium,15.92
SPDR Short Term Corporate Bond Portfolio ETF,30.9
Tidal ETF Trust SP Funds Dow Jones Global Sukuk,20.122
SPDR Small Cap Portfolio ETF,32.5004
Interm-Term Treasury ETF SPDR,31.315
SPDR Long Term Treasury Portfolio ETF,40.7558
SPDR Total Stock Market Portfolio ETF,41.15
SPDR Short Term Treasury Portfolio ETF,30.02
SP Funds S&P 500 Sharia Industry Exclusions ETF,21.22
Direxion S&P 500 Bull 2X,70.9333
Invesco S&P 500 Value With Momentum ETF,43.1708
S&P 500 Enhanced Value Invesco ETF,37.7529
Proshares S&P 500 Bond ETF,89.3525
S&P 500 Ex-Energy Proshares,71.7036
Direxion S&P 500 Bull 3X,72.33
S&P 500 Ex-Financials Proshares,69.293
Direxion S&P 500 Bear 3X,11.8
S&P 500 Ex-Technology Proshares,60.6078
Ultrapro Short S&P 500 Proshares,17.84
S&P 500 Ex-Health Care Proshares,69.9964
S&P 500 SPDR,332.8
S&P 500 Buyback ETF SPDR,74.113
SPDR S&P 500 High Dividend Portfolio ETF,39.4
SPDR S&P 500 Growth Portfolio ETF,44.36
SPDR S&P 500 Value Portfolio ETF,35.0995
S&P 500 Ex-Fossil Fuel ETF SPDR,81.951
Blackstone Gso Senior Loan SPDR,46.34
Ultrashort Real Estate Proshares,17.29
Ultrapro Short Russell 2000 Proshares,17.08
Pacer Benchmark & Infrastructure Real Estate Sct,33.78
Ultrashort Semiconductors Proshares,13.11
Ultra S&P 500 Proshares,160.54
Syntax Stratified Largecap ETF,51.43
Day Hagan/Ned Davis Research Smart Sector ETF,25.02
Sunlink Health Systems,1.14
0-5 Year TIPS Bond Ishares ETF,100.805
Ishares Factors US Growth Style ETF,25.5086
Ishares Factors US Value Style ETF,25.1393
Short Duration TR Tactical ETF SPDR,49.65
Ipath US Treasury Steepener ETN,25.25
1-5 Year US TIPS Index ETF Pimco,52.47
Stereotaxis Inc,4
Short-Term Natl Muni Bond Ishares ETF,107.09
USA ESG Select Ishares MSCI ETF,138.97
Silvercorp Metals Inc,5.08
Servotronics Inc,10.6769
VIX Short-Term Fut Short Proshares,65.84
Blackswan Growth & Treasury Core Amplify ETF,29.75
MFS Core Equity ETF SPDR,91.831
MFS Growth Equity ETF SPDR,95.54
Cambria Shareholder Yield ETF,39.7
Synthetic Biologics Inc,0.56
MFS Value Equity ETF SPDR,72.02
Ultrashort Consumer Goods Proshares,9.99
Pacer Cfra-Stovall Equal Weight Seasonal Rotatio,31.629
Teucrium Agricultural,19.2871
Cambria Tail Risk ETF,19.42
Talos Energy Inc WT,0.48
Solar Invesco ETF,34.77
China Real Estate Invesco ETF,25.2801
Barclays Inverse US Treasury Aggt ETN,11.2252
Transatlantic Petroleum Ltd,0.32
Direxion Communication Services Index Bull 3X Sh,43.85
American Century Diversified Municipal Bond ETF,53.725
20+ Year Short Treasury Proshares,18.58
Managed Portfolio Series Tortoise Water Fund,36.325
Tactical Income ETF,24.38
Ultrashort 20+ Year Treasury Proshares,23.7534
7-10 Year Short Treasury Proshares,26.01
Premise Capital Frontier Advantage Dvsfd Tct ETF,32.8
Iboxx 5Yr Target Dur TIPS ETF Flexshares,25.82
Iboxx 3Yr Target Dur TIPS ETF Flexshares,24.8
Proshares S&P Technology Dividend Aristocrats Et,42.62
Tidewater Inc WT,0.3362
Ishares U.S. Tech Breakthrough Multisector ETF,26.66
Technology Bull 3X Direxion,305.7468
Technology Bear 3X Direxion,5.32
Equitycompass Tactical Risk Manager ETF,19.415
Muni Bond ETF SPDR,51.36
Global X Targetincome 5 ETF,24.4907
Treasury Floating Rate Bond Ishares ETF,50.31
Global X Targetincome Plus 2 ETF,24.645
Taseko Mines Ltd,0.4491
Tengasco Inc,0.6
Spinnaker ETF Series The Cannabis ETF,12
Thailand Ishares MSCI ETF,80.64
International Tower Hill Mines Ltd,0.5225
Mstar US Mkt Factors Tilt ETF Flexshares,129.2599
TIPS Bond Ishares ETF,117.8
Barclays 1-10 Year TIPS SPDR,19.75
Broad U.S. TIPS Index ETF Pimco,60.59
Takung Art Co. Ltd,1
Flexshares Dm Ex-US Factor Tilt Index Fund,28.96
Flexshares EM Factor Tilt Index Fund,27.9771
10-20 Year Treas Bond Ishares ETF,148.95
Flexshares Dev Mkt Ex-US Factor Tilt Index Fund,64.02
Flexshares EM Factor Tilt Index Fund,51.11
Proshares Russell US Dividend Growers ETF,41.3451
20+ Year Trsy Bull 3X Direxion,29.605
Motley Fool 100 Index ETF,26.705
Tompkinstrustco,87.483
Trilogy Metals Inc,2.2998
20+ Year Trsy Bear 3X Direxion,10
Smallcap Bull 3X Direxion,72.56
Kokusai Ishares MSCI ETF,75.71
Cambria Cannabis ETF,14.67
DJ Brookfield Global Proshares,47.8578
Total Return Tactical ETF SPDR,49.1937
Tortoise Digital Payments Infrastructure Fund,34.68
Timothy Plan High Dividend Stock ETF,27.034
Trinity Pl Hlds Inc,3.33
Timothy Plan International ETF,25.865
Timothy Plan US Large Cap Core ETF,27.87
Direxion Daily Transportation Bull 3X Shares,27.0814
Timothy Plan US Small Cap Core ETF,25.1121
Tortoise North Amer Pipeline Fund,23.15
Pacer Trendpilot Fund of Funds ETF,27.5817
Trio-Tech International,4.52
Cambria Trinity ETF,24.73
Tanzanian Royalty Exploration Corp,0.5375
Transenterix Inc,1.23
Trimtabs Float Shrink ETF,40.6
Trimtabs ETF Trust,27.41
Ultrapro Short 20+ Year Trsy Proshares,13.94
Ultrashort Russell 2000 Proshares,12.15
20+ Year Trsy Bear 1X Direxion,16.8951
7-10 Year Treasury Bull 3X Direxion,54.1
7-10 Year Treasury Bear -3X Direxion,10.351
Smallcap Bear 3X Direxion,33.46
CMCI Agriculture TR ETN UBS E-Tracs,15.835
U S Antimony Corp,0.405
Innovator S&P 500 Ultra Buffer ETF,26.56
Citigroup Global Markets Holdings Inc,13.805
Innovator S&P 500 Ultra Buffer ETF August,26.17
Enerjex Resources Inc,0.4922
CMCI Gold TR ETN UBS E-Tracs,39.245
Direxion Daily Robotics Artificial Intelligence,13.6861
Ultra MSCI Brazil Proshares,77.6857
Ultra 20+ Year Treasury Proshares,103.71
Ultra Consumer Services Proshares,124.81
Citigroup Global Markets Holdings Inc,19.826
CMCI TR ETN UBS E-Tracs,13.8
Etracs UBS CMCI TR ETN,13.915
Ultra DJ-UBS Crude Oil Proshares,13.8
PS Ultrapro Comm Services Select Sector,69.35
First Trust Tcw Unconstrained Plus Bond ETF,25.93
Innovator S&P 500 Ultra Buffer ETF December,26.9422
DB US Dollar Index Bearish Fund Invesco,20
Ultrapro Dow 30 Proshares,132.85
Uranium Energy,0.8416
Citigroup Global Markets Holdings Inc,14.44
Usaa MSCI EM Value Momentum Blend Index ETF,42.7604
Unique Fabricating Inc,4.0279
Innovator S&P 500 Ultra Buffer ETF Feb,24.825
US Gasoline,27.85
Natural Gas 3X Long ETN Velocityshares,44.02
Citigroup Global Markets Holdings Inc,17.8424
Ultra Consumer Goods Proshares,56.9716
Ultra Gold Proshares,51.5211
Usaa Core Intermediate-Term Bond ETF,52.74
Usaa MSCI Intl Value Momentum Blend Index ETF,46.0575
Innovator S&P 500 Ultra Buffer ETF January,28.2098
Ultra High Yield Proshares,73.6353
Citigroup Global Markets Holdings Inc,22.2139
Innovator S&P 500 Ultra Buffer ETF,25.46
Innovator ETFS Trust,26.33
Citigroup Global Markets Holdings Inc Velocitysh,21.9084
Ultra Euro Proshares,13.1498
SSGA Ultra Short Term Bond SPDR,40.42
IQ Ultra Short Duration ETF,50.16
Usaa MSCI USA Value Momentum Blend Index ETF,54.5656
Ultrapro Midcap 400 Proshares,123.9141
US Natural Gas Fund,14.38
US 12 Month Natural Gas,7.58
Innovator S&P 500 Ultra Buffer ETF November,26.35
Innovator S&P 500 Ultra Buffer ETF,25.15
Ultrapro S&P 500 Proshares,76.61
Ultra FTSE Europe Proshares,54.5044
Ultra Utilities Proshares,77.9146
G-X Uranium ETF,10.66
Ultra Real Estate Proshares,92.55
Ur Energy Inc,0.5335
Northshore Global Uranium Mining ETF,24.41
World Ishares MSCI ETF,101.05
Ultrapro Russell 2000 Proshares,86.11
American Energy Independence ETF,22.4216
Americas Silver Corp,2.81
US Commodity Index,32.96
Ultra Semiconductors Proshares,66.0278
Wisdomtree Bloomberg U.S. Dollar Bullish Fund,27.17
Pacific Global US Equity Income ETF,28.1019
Innovator S&P 500 Ultra Buffer ETF - Sep,25.585
Russell 1000 Enhanced EW Invesco ETF,30.53
Wisdomtree Floating Rate Treasury Fund,25.1
Agfiq Dynamic Hedged U.S. Equity ETF,28.5981
Broad USD High Yield Corp Bond Ishares ETF,41.1737
Principal Ultra-Short Active Income ETF,24.975
US 12 Month Oil,20.05
Wisdomtree U.S. Multifactor Fund,32.96
USA Min Vol Ishares Edge MSCI ETF,68.5
US Oil Fund,10.55
US REIT Ishares Core ETF,56.04
Xtrackers MSCI USA ESG Leaders Equity ETF,30.6275
Ultra 7-10 Year Treasury Proshares,64.9
Usaa Core Short-Term Bond ETF,50.87
CMCI Silver TR ETN UBS E-Tracs,22.155
Usaa MSCI USA Small Cap Value Momentum Blend Ind,51.79
Reaves Utilities ETF,43.18
Reaves Utility,38.84
Vesper US Large Cap Short-Term Reversal Strategy,26.0535
Direxion Daily Utilities Bull 3X Shares,53.8601
DB US Dollar Index Bullish Fund Invesco,26.55
Universal Security Instruments,0.65
Energy Fuels Inc WT,0.7
Energy Fuels Inc,1.65
Ultra VIX Short-Term Fut Proshares,11.29
Ultra Russell 2000 Proshares,77.62
Velocity 3X Long Crude Oil,7.69
Ultra Industrials Proshares,92.34
Ultra Financials Proshares,55.81
Ultra Basic Materials Proshares,59.19
American Century Stoxx U.S. Quality Value ETF,43.5468
Etfmg Sit Ultra Short ETF,50.235
Cambria Value and Momentum ETF,20.2717
Materials ETF Vanguard,131.85
Smallcap ETF Vanguard,167.69
Smallcap Growth ETF Vanguard,204.7
Vident Core U.S. Bond Strategy Fund,50.97
Smallcap Value ETF Vanguard,136.7
Delaware Colorado Muni Income Fund Inc,15.0521
Consumer Disc ETF Vanguard,197.18
Consumer Staples ETF Vanguard,163
Energy ETF Vanguard,72.97
FTSE Developed Markets Vanguard,44.05
Advisorshares Star Global Buy-Write ETF,34.82
Global Agriculture Prod Ishares MSCI ETF,28.266
US Vegan Climate Index,28.6931
FTSE All-World Ex-US ETF Vanguard,53.625
Financial ETF Vanguard,76.984
Delaware Florida Insured Muni,13.73
U.S. Liquidity Factor Vanguard ETF,88.9744
U.S. Multifactor Vanguard ETF,81.04
U.S. Momentum Factor Vanguard ETF,89.578
U.S. Minimum Volatility Vanguard ETF,93.7052
U.S. Quality Factor Vanguard ETF,86.9495
Wellington Fund Vanguard ETF,75.9119
Virtus Wmc Global Factor Opportunities ETF,28.0533
Europe ETF FTSE Vanguard,58.32
Information Technology ETF Vanguard,265.1381
Vista Gold Corp,0.6551
Virnetx Holding Corp,4.11
Healthcare ETF Vanguard,195.01
Vident Intl Equity Fund,24.58
Dividend Appreciation ETF Vanguard,129.25
S&P Smallcap 600 Growth Vanguard,169.54
S&P Smallcap 600 Index Vanguard,151.7436
S&P Smallcap 600 Value Vanguard,134.9
Industrials ETF Vanguard,157.9594
VIX Mid-Term Futures Proshares,19.85
VIX Short-Term Futures Proshares,11.51
Invesco Advantage Muni Income Trust II,11.4769
S&P 1500 Value Tilt ETF SPDR,114.3417
USA Value Factor Ishares Edge MSCI ETF,90.23
Delaware Minnesota Muni II,13.53
Alpha Architect Value Momentum Trend ETF,25.2
Janus Short Duration Income ETF,49.81
Vietnam Vaneck ETF,15.1
Real Estate Vanguard ETF,95.41
Volitionrx Ltd,4.62
Midcap ETF Vanguard,183.2
Midcap Value ETF Vanguard,120.75
Volt Information Services Inc,2.36
S&P 500 ETF Vanguard,305.81
S&P 500 Growth ETF Vanguard,184.56
S&P 500 Value ETF Vanguard,126.22
Midcap Growth ETF Vanguard,165.27
Telecom Services ETF Vanguard,96.91
Virtus Private Credit Strategy ETF,25.51
Pacific ETF FTSE Vanguard,69.6498
Utilities ETF Vanguard,151.36
S&P 500 Dynamic Veqtor ETN Barclays,171.125
Virtus Real Asset Income ETF,24.83
Variable Rate Preferred Invesco ETF,26.06
ESG International Stock Vanguard ETF,53.6775
Volshares Large Cap ETF,31.3156
FTSE All-World Ex-US Smcp Idx ETF Vanguard,109.36
Total World Stock Index ETF Vanguard,82.29
Tax-Exempt Bond Vanguard,54.18
Total Stock Market ETF Vanguard,169.1862
Value ETF Vanguard,120.61
Growth ETF Vanguard,194.325
Vident Core US Equity,33.15
Largecap ETF Vanguard,153.29
Emrg Mkts ETF MSCI Vanguard,43.505
Extended Market Index ETF Vanguard,129.5401
Ipath.B S&P 500 VIX Short-Term Futures ETN,14
Ipath S&P 500 VIX Mid-Term Futures ETN,16.56
High Dividend Yield Vanguard ETF,94.11
Direxion Daily Consumer Discretionary Bull 3X Sh,38.01
WBI Largecap Growth Shares,27.99
WBI Largecap Value Shares,27.46
WBI Largecap Growth Shares,24.18
WBI Income Shares,25.16
WBI Largecap Select Shares,27.18
WBI Bullbear Trend Switch US Total Return ETF,19.69
Absolute Shares Trust WBI Bullbear Trend Switch,20.46
WBI Largecap Yield Shares,26.115
Wisdomtree Icbccs S&P China 500 Fund,28.6046
S&P Global Dividend SPDR,71.4394
Direxion Regional Banks Bear 3X,19.7272
Teucrium Wheat,5.72
Direxion Daily DJ Internet Bull 3X Shares,33.9801
Direxion Daily DJ Internet Bear 3X Shares,17.2352
Wisdomtree U.S. High Yield Corp Bond Fund,52.06
Wisdomtree U.S. Corp Bond Fund,53.12
Barclays Women IN Leadership ETF,76.205
DB Intl Govt Infl-Protected Bond SPDR,54.55
Merlyn.Ai Bull-Rider Bear-Fighter ETF,27.69
Affinity World Leaders Equity ETF,24.035
Impact Shares Ywca Women's Empowerment ETF,23.8762
Intl Devd Property Ishares ETF,39.1378
Western Copper Corp,0.6534
UBS Etracs 3X Inverse Crude ETN,6.14
UBS Etracs 3X Long Crude ETN,7.62
Wisdomtree Managed Futures Strategy Fund,35.531
Wireless Telecom Group Inc,1.338
Inspire International ESG ETF,27.42
Widepoint Corp,0.44
S&P Aerospace & Defense SPDR,116.265
S&P Biotech SPDR,95.27
Amplify International Online Retail ETF,28.0576
Columbia EM Core Ex-China ETF,27.02
Proshares Ultra Comm. Services Select Sector,59.15
U.S. Equity Ex-Dividend Fund Series 2027 Shares,70.73
S&P Oil & Gas Eqpt & Services SPDR,6.7
S&P Homebuilders SPDR,48.108
S&P Healthcare Equipment SPDR,87.56
S&P Healthcare Services SPDR,75.64
Factset Innovative Technology SPDR,121.45
S&P 500 Materials Sector SPDR,60.74
S&P 500 Communication Sector SPDR,55.48
S&P 500 Energy Sector SPDR,54.27
S&P 500 Financials Sector SPDR,30.965
S&P 500 Top 50 Invesco ETF,244.835
S&P 500 Industrial Sector SPDR,83.72
S&P 500 Info Tech Sector SPDR,99.66
S&P 500 Cons Staples Sector SPDR,64.01
S&P 500 Real Estate Sector SPDR,39.8
SPDR SSGA U.S. Sector Rotation ETF,35.6
S&P 500 Utilities Sector SPDR,68.64
S&P 500 Healthcare Sector SPDR,103.395
S&P 500 Cons Disc Sector SPDR,128.87
S&P Metals & Mining SPDR,26.52
Invesco S&P Midcap Quality ETF,54.57
S&P Midcap Low Vol Invesco ETF,54.6901
Invesco S&P Midcap Momentum ETF,63.54
CEF Municipal Income ETF Vaneck,28.26
Invesco S&P Midcap Value With Momentum ETF,34.6
SPDR Series Trust,88.99
S&P Oil & Gas Expl & Prod SPDR,19.485
Graniteshares Xout U.S. Large Cap ETF,29.3
S&P Pharmaceuticals SPDR,47.125
Solitario Zinc Corp,0.27
Ultra FTSE China 25 Proshares,60.77
S&P 500 Ex-Rate Sensitive Low Vol Invesco ETF,42.1862
S&P Retail SPDR,44.48
S&P Semiconductor SPDR,107.31
S&P Smallcap High Dividend Low Vol Invesco ETF,24
S&P Smallcap Quality Invesco ETF,28.7664
S&P Smallcap Low Vol Invesco ETF,50.9733
Invesco S&P Smallcap Momentum ETF,40.73
Wisdomtree EM Ex-State Owned Enterprises Fund,31.1921
Invesco S&P Smallcap Value With Momentum ETF,32.3817
S&P Software & Srvs ETF SPDR,108.38
S&P Tech Hardware Et SPDR,83.7263
S&P 500 Telecom Sector SPDR,70.2959
S&P Transportation SPDR,65.33
Xtant Medical Holdings Inc,1.3662
Ipath S&P 500 Dynamic VIX ETN,18.2545
S&P Internet ETF SPDR,86.22
22nd Century Group Inc,0.9201
Direxion FTSE China Bear 3X,42.11
Cbdmd Inc [Ycbd/Pa],6.895
Cbdmd Inc,1.1
Ultra Yen Proshares,54.2835
PS Ultrashort Comm Services Select Sector,23.8388
Ultrashort Yen Proshares,78.28
Microsectors -1X U.S. Big Oil Index ETN,51.4365
Direxion FTSE China Bull 3X,18.55
Principal Edge Active Income ETF,40.695
Advisorshares Pure Cannabis ETF,11.6064
Yuma Energy Inc,3.1
China 25 Short Proshares,18.4501
Yieldshares High Income ETF,17.97
SPDR Solactive Canada ETF,63.12
SPDR Solactive Germany ETF,60.07
Zedge Inc Cl B,1.56
SPDR Solactive United Kingdom ETF,50.47
SPDR Solactive Hong Kong ETF,62.25
The Acquirers Fund,26.6049
SPDR Solactive Japan ETF,79.19
Direxion Zacks MLP High Income ETF,11.3
Zomedica Pharmaceuticals Corp,0.1902
25+ Year Zero Cpn U.S. Trsy Idx ETF Pimco,143.0001
Ultrashort Silver Proshares,26.69